OverallQual,GrLivArea,GarageCars,TotalBsmtSF,YearBuilt,YearRemodAdd,FullBath,Neighborhood,LotArea,1stFlrSF,TotRmsAbvGrd,GarageArea,Fireplaces,SalePrice
8,2170.0,3.0,1943.0,1918,1950,1.0,BrkSide,6207.0,1048.0,6.0,577.0,0,563192.0
2,2992.0,3.0,1077.0,1903,1950,1.0,Blueste,4459.0,1445.0,9.0,655.0,0,316999.0
4,618.0,4.0,651.0,1975,1998,1.0,CollgCr,13331.0,404.0,8.0,1418.0,0,200302.0
5,1127.0,2.0,1594.0,1917,1956,2.0,NridgHt,4402.0,631.0,5.0,473.0,1,341341.0
5,1192.0,2.0,1333.0,1906,1950,1.0,Veenker,3415.0,1053.0,6.0,674.0,1,229630.0
1,1068.0,3.0,1375.0,2001,2010,3.0,MeadowV,14103.0,918.0,6.0,728.0,0,305070.0
6,949.0,1.0,1578.0,1939,1958,1.0,NWAmes,9695.0,600.0,6.0,273.0,2,248637.0
2,1358.0,2.0,771.0,1878,1950,2.0,Crawfor,11343.0,885.0,4.0,610.0,0,255441.0
8,876.0,1.0,1001.0,1940,1951,1.0,NAmes,7178.0,542.0,5.0,247.0,1,354715.0
7,1691.0,2.0,982.0,1936,1955,1.0,Somerst,4482.0,790.0,9.0,687.0,1,236527.0
10,1542.0,1.0,492.0,1992,2010,1.0,Blmngtn,4950.0,897.0,6.0,283.0,0,363997.0
8,1768.0,1.0,942.0,1970,1972,1.0,StoneBr,7816.0,893.0,6.0,298.0,1,398587.0
4,1782.0,2.0,1642.0,1898,1950,1.0,NAmes,4740.0,884.0,7.0,539.0,1,285580.0
10,1832.0,2.0,1161.0,1892,1950,1.0,MeadowV,10441.0,1287.0,10.0,613.0,1,475673.0
5,1319.0,0.0,467.0,1955,1983,2.0,Mitchel,7107.0,652.0,7.0,0.0,1,247965.0
4,2629.0,1.0,376.0,1878,1950,1.0,Timber,9823.0,1305.0,8.0,275.0,0,278525.0
10,1638.0,1.0,1786.0,1916,1950,1.0,Veenker,9678.0,1091.0,6.0,349.0,1,362426.0
4,537.0,1.0,1017.0,1891,1950,1.0,BrDale,10866.0,349.0,6.0,256.0,1,230644.0
1,989.0,2.0,773.0,1874,1950,2.0,Edwards,11496.0,506.0,7.0,621.0,0,190174.0
5,601.0,2.0,937.0,1999,2010,2.0,SawyerW,7541.0,334.0,5.0,599.0,0,271388.0
8,1524.0,3.0,410.0,1884,1950,2.0,NridgHt,9818.0,818.0,6.0,712.0,1,416657.0
2,1451.0,2.0,1680.0,1873,1950,1.0,NPkVill,10077.0,807.0,8.0,577.0,0,296585.0
5,1269.0,3.0,885.0,2001,2008,1.0,MeadowV,2659.0,1028.0,5.0,841.0,0,291171.0
2,2571.0,2.0,1656.0,1898,1950,1.0,StoneBr,12373.0,2216.0,7.0,492.0,0,351025.0
7,1803.0,2.0,1080.0,1985,2010,2.0,CollgCr,9652.0,1141.0,8.0,589.0,0,280188.0
5,1896.0,3.0,1683.0,1876,1950,2.0,BrDale,11873.0,1199.0,5.0,858.0,1,382775.0
4,1026.0,2.0,1169.0,1893,1950,1.0,Timber,4706.0,791.0,8.0,554.0,0,244822.0
3,990.0,2.0,1431.0,1887,1950,1.0,NridgHt,7647.0,725.0,7.0,555.0,0,233425.0
6,1534.0,3.0,1372.0,1970,1987,1.0,BrkSide,5189.0,817.0,6.0,829.0,1,435951.0
7,1606.0,0.0,1330.0,1958,1984,1.0,BrkSide,12995.0,801.0,3.0,0.0,0,371257.0
10,540.0,2.0,1209.0,1938,1969,2.0,Sawyer,4436.0,349.0,6.0,571.0,1,355292.0
5,1420.0,2.0,955.0,1905,1950,1.0,NPkVill,5629.0,1000.0,7.0,508.0,0,367733.0
2,1522.0,3.0,1896.0,1884,1950,3.0,NPkVill,11698.0,780.0,9.0,1159.0,0,305597.0
9,1402.0,3.0,660.0,1951,1989,2.0,CollgCr,6538.0,816.0,7.0,671.0,1,373056.0
7,1088.0,1.0,1059.0,1904,1950,2.0,Blmngtn,5630.0,639.0,8.0,257.0,1,285915.0
8,1232.0,3.0,1064.0,1954,1968,2.0,Mitchel,14092.0,699.0,5.0,779.0,0,320395.0
1,1422.0,1.0,1233.0,1967,1990,1.0,MeadowV,14384.0,935.0,6.0,362.0,1,232728.0
4,1563.0,1.0,869.0,1990,2007,2.0,MeadowV,12849.0,1163.0,8.0,227.0,0,284502.0
8,1833.0,2.0,1195.0,1940,1965,1.0,Timber,13689.0,1245.0,5.0,594.0,0,354400.0
9,2082.0,2.0,983.0,1872,1950,2.0,ClearCr,7976.0,1126.0,8.0,580.0,1,438832.0
5,1360.0,1.0,364.0,1911,1950,2.0,SWISU,8084.0,675.0,8.0,293.0,1,213303.0
9,1276.0,2.0,1061.0,1990,2010,2.0,Veenker,6477.0,1046.0,7.0,659.0,0,346851.0
9,1745.0,2.0,575.0,1946,1950,2.0,Mitchel,9739.0,1162.0,6.0,657.0,0,348265.0
4,1836.0,3.0,297.0,1958,1987,3.0,ClearCr,6878.0,878.0,5.0,786.0,0,348594.0
9,1287.0,1.0,1117.0,1935,1954,1.0,Blueste,7212.0,729.0,9.0,288.0,1,369146.0
3,1930.0,2.0,1271.0,1894,1950,3.0,Blmngtn,12088.0,1567.0,8.0,411.0,1,344849.0
3,2029.0,2.0,1288.0,1996,2010,1.0,Edwards,16192.0,1599.0,7.0,568.0,0,342539.0
7,2193.0,3.0,1305.0,1979,1987,1.0,Crawfor,10929.0,1851.0,6.0,745.0,0,406654.0
7,2449.0,0.0,211.0,2010,2010,1.0,Crawfor,21964.0,1766.0,7.0,0.0,1,417213.0
2,1060.0,1.0,461.0,1990,2010,1.0,NoRidge,6293.0,679.0,7.0,213.0,1,172739.0
9,1522.0,2.0,1921.0,1912,1950,2.0,StoneBr,3572.0,977.0,7.0,592.0,1,398313.0
2,1521.0,1.0,598.0,1907,1950,1.0,Veenker,12801.0,817.0,8.0,212.0,1,171404.0
9,1464.0,2.0,1325.0,1906,1950,2.0,IDOTRR,6088.0,1088.0,5.0,572.0,0,445946.0
1,1174.0,2.0,756.0,1999,2006,2.0,SWISU,7810.0,837.0,4.0,462.0,0,150768.0
8,735.0,1.0,1092.0,1949,1963,1.0,NPkVill,3696.0,382.0,7.0,246.0,1,323829.0
8,1564.0,2.0,780.0,1935,1960,1.0,OldTown,5712.0,1327.0,4.0,652.0,1,450574.0
8,1112.0,2.0,1303.0,2006,2010,1.0,StoneBr,4225.0,685.0,6.0,607.0,0,360607.0
7,1560.0,2.0,1117.0,1955,1984,1.0,SawyerW,7207.0,737.0,6.0,652.0,0,339817.0
5,1098.0,1.0,861.0,1998,2006,3.0,NPkVill,7352.0,656.0,7.0,342.0,1,360198.0
8,938.0,2.0,597.0,2008,2010,2.0,IDOTRR,9367.0,789.0,10.0,498.0,0,375767.0
3,1638.0,2.0,1174.0,1883,1950,1.0,NoRidge,16645.0,1413.0,3.0,680.0,0,204192.0
8,1594.0,0.0,526.0,1922,1950,1.0,ClearCr,12562.0,1069.0,10.0,0.0,1,394230.0
6,1819.0,2.0,1244.0,1974,1996,2.0,NridgHt,3980.0,1601.0,6.0,620.0,0,424535.0
5,2663.0,1.0,2207.0,1985,1989,2.0,IDOTRR,12137.0,2247.0,7.0,260.0,0,452249.0
6,1661.0,3.0,1648.0,1892,1950,1.0,MeadowV,9470.0,1364.0,4.0,728.0,0,406647.0
6,1770.0,2.0,1372.0,1916,1954,2.0,MeadowV,8528.0,1481.0,8.0,609.0,1,350907.0
1,949.0,3.0,1020.0,1948,1980,1.0,Gilbert,8854.0,590.0,7.0,953.0,2,226362.0
2,839.0,1.0,208.0,1983,1989,1.0,BrDale,9920.0,663.0,6.0,317.0,3,180188.0
3,2346.0,1.0,478.0,1887,1950,2.0,Somerst,6336.0,1665.0,3.0,289.0,0,173455.0
2,1030.0,1.0,1619.0,1955,1962,1.0,NridgHt,8175.0,797.0,7.0,285.0,1,241461.0
5,967.0,1.0,711.0,1913,1950,2.0,Veenker,16187.0,513.0,8.0,301.0,1,219620.0
7,1494.0,3.0,751.0,1902,1950,2.0,NoRidge,6298.0,1164.0,6.0,876.0,1,291328.0
7,1468.0,3.0,984.0,1943,1956,1.0,IDOTRR,5351.0,1293.0,8.0,905.0,1,390142.0
5,1041.0,1.0,592.0,1929,1950,2.0,IDOTRR,8683.0,610.0,8.0,288.0,2,316318.0
9,1355.0,1.0,520.0,1960,1967,1.0,Blueste,5088.0,1211.0,5.0,314.0,3,383099.0
6,2160.0,2.0,1035.0,1916,1951,2.0,Gilbert,3784.0,1340.0,9.0,430.0,0,428288.0
1,1092.0,2.0,667.0,1986,2010,1.0,Sawyer,7538.0,590.0,7.0,549.0,2,221699.0
8,783.0,0.0,732.0,1882,1950,3.0,Crawfor,18478.0,392.0,7.0,0.0,0,324414.0
6,2010.0,1.0,715.0,1991,1997,2.0,Veenker,8784.0,1614.0,7.0,291.0,0,264134.0
7,1773.0,2.0,1286.0,1876,1950,1.0,IDOTRR,9792.0,1241.0,7.0,691.0,2,399734.0
6,1189.0,0.0,955.0,1974,2007,0.0,ClearCr,3087.0,699.0,2.0,0.0,0,286986.0
6,684.0,1.0,979.0,1920,1950,1.0,BrDale,11149.0,495.0,6.0,285.0,0,290501.0
1,1124.0,2.0,1318.0,1925,1955,1.0,NPkVill,9383.0,674.0,4.0,621.0,1,246411.0
6,1486.0,2.0,995.0,1874,1950,3.0,BrkSide,6422.0,969.0,9.0,395.0,0,370876.0
8,2127.0,2.0,935.0,1969,2000,2.0,BrkSide,9799.0,1783.0,9.0,518.0,0,465124.0
4,971.0,1.0,1263.0,1895,1950,2.0,OldTown,9750.0,729.0,8.0,295.0,1,317824.0
7,1471.0,2.0,1350.0,1963,1995,1.0,OldTown,5272.0,1167.0,6.0,328.0,0,390178.0
1,1869.0,2.0,993.0,1972,1977,1.0,Crawfor,10572.0,1332.0,5.0,482.0,0,306913.0
4,334.0,1.0,1092.0,1989,2004,2.0,ClearCr,16294.0,334.0,5.0,324.0,1,256768.0
5,2058.0,2.0,715.0,1970,1980,2.0,BrDale,7991.0,1150.0,10.0,640.0,0,371636.0
10,894.0,2.0,680.0,1913,1950,2.0,Mitchel,5803.0,508.0,5.0,590.0,0,293874.0
3,1689.0,3.0,1394.0,1974,1986,1.0,Timber,8194.0,830.0,3.0,946.0,0,282011.0
3,1645.0,2.0,1252.0,1986,2001,2.0,BrDale,13730.0,1150.0,8.0,577.0,2,314707.0
5,2084.0,3.0,1256.0,1916,1950,1.0,Sawyer,4851.0,1513.0,9.0,907.0,1,391576.0
10,1804.0,1.0,1180.0,1889,1950,1.0,Edwards,11959.0,1401.0,9.0,267.0,1,415990.0
9,334.0,1.0,1077.0,1995,2010,0.0,Blmngtn,6380.0,334.0,8.0,285.0,0,355273.0
1,1103.0,2.0,1362.0,1892,1950,2.0,IDOTRR,10107.0,502.0,8.0,509.0,3,254595.0
3,1588.0,2.0,1467.0,1954,1982,2.0,Edwards,6754.0,1166.0,7.0,661.0,2,324923.0
9,1413.0,1.0,1456.0,1904,1950,2.0,NridgHt,6745.0,1271.0,3.0,341.0,0,388149.0
1,1766.0,3.0,1013.0,1889,1950,1.0,NWAmes,19179.0,1029.0,7.0,1006.0,1,215142.0
9,1929.0,2.0,1665.0,1979,1995,1.0,Gilbert,4427.0,1028.0,7.0,527.0,1,517734.0
3,1834.0,2.0,1157.0,1891,1950,1.0,Mitchel,11415.0,1058.0,6.0,484.0,0,297457.0
10,1403.0,2.0,1334.0,1965,1974,2.0,BrDale,21283.0,900.0,6.0,662.0,0,434731.0
3,546.0,2.0,1181.0,1968,1999,2.0,ClearCr,12617.0,334.0,5.0,604.0,1,273807.0
5,1276.0,2.0,1165.0,1880,1950,1.0,NPkVill,4603.0,773.0,5.0,586.0,1,302877.0
7,1734.0,1.0,735.0,1896,1950,2.0,BrDale,4718.0,1278.0,9.0,255.0,0,403065.0
2,943.0,2.0,1364.0,1982,1986,2.0,Sawyer,6150.0,571.0,9.0,594.0,1,253426.0
6,1846.0,2.0,2303.0,1942,1974,1.0,CollgCr,9691.0,1160.0,6.0,473.0,1,353627.0
6,1992.0,2.0,893.0,1888,1950,2.0,Edwards,10026.0,932.0,7.0,611.0,0,341750.0
8,1582.0,1.0,1088.0,2009,2010,1.0,MeadowV,4742.0,1365.0,5.0,335.0,1,385113.0
10,334.0,0.0,862.0,1908,1950,2.0,NWAmes,5788.0,334.0,8.0,0.0,0,219345.0
7,844.0,1.0,843.0,1872,1950,1.0,ClearCr,5969.0,504.0,9.0,308.0,0,277866.0
5,2505.0,2.0,1733.0,2000,2010,1.0,BrkSide,8181.0,1225.0,4.0,449.0,2,438246.0
5,1228.0,2.0,762.0,1874,1950,0.0,NPkVill,24157.0,903.0,7.0,576.0,1,353555.0
5,473.0,3.0,849.0,1948,1961,1.0,Crawfor,5616.0,397.0,7.0,1097.0,1,268223.0
9,2164.0,2.0,362.0,2010,2010,2.0,NPkVill,5495.0,1014.0,7.0,491.0,3,441536.0
4,1522.0,2.0,725.0,1952,1959,2.0,NridgHt,5082.0,784.0,9.0,555.0,0,341485.0
2,2095.0,2.0,309.0,1953,1960,2.0,MeadowV,12305.0,1081.0,10.0,673.0,0,260948.0
4,1660.0,3.0,1334.0,1925,1950,3.0,IDOTRR,8772.0,1197.0,6.0,914.0,1,383309.0
1,1756.0,1.0,2283.0,1889,1950,2.0,Somerst,5721.0,1518.0,8.0,379.0,0,206813.0
2,1706.0,2.0,896.0,1951,1964,1.0,Gilbert,7470.0,1104.0,7.0,501.0,0,324727.0
1,1881.0,1.0,327.0,1996,2010,1.0,Sawyer,6028.0,1137.0,5.0,240.0,1,299129.0
8,2711.0,3.0,1451.0,1884,1950,2.0,Edwards,10383.0,2154.0,7.0,987.0,1,432366.0
8,2025.0,2.0,739.0,1994,2003,1.0,Blmngtn,34276.0,1588.0,8.0,464.0,0,479673.0
7,685.0,1.0,1626.0,1929,1965,1.0,Gilbert,11795.0,384.0,7.0,272.0,0,381984.0
5,1749.0,2.0,933.0,1946,1976,2.0,Timber,8548.0,914.0,5.0,555.0,1,274510.0
8,2114.0,2.0,780.0,1894,1950,2.0,Timber,6422.0,1292.0,6.0,643.0,1,323841.0
2,2146.0,2.0,979.0,1958,1970,1.0,IDOTRR,4575.0,1715.0,6.0,609.0,1,315635.0
10,1291.0,1.0,1389.0,1897,1950,1.0,NoRidge,12924.0,985.0,5.0,298.0,1,303018.0
6,2127.0,1.0,957.0,1909,1950,1.0,NPkVill,12578.0,1594.0,7.0,264.0,0,348869.0
10,2002.0,2.0,839.0,1972,1986,2.0,Blueste,7094.0,1648.0,7.0,657.0,0,490698.0
2,2866.0,2.0,970.0,1879,1950,2.0,Veenker,16427.0,1647.0,8.0,882.0,0,244193.0
5,1121.0,1.0,500.0,1934,1950,3.0,BrkSide,9050.0,676.0,5.0,308.0,0,339530.0
7,1249.0,1.0,1231.0,1954,1971,1.0,ClearCr,13192.0,586.0,6.0,284.0,1,369718.0
5,1354.0,2.0,274.0,1890,1950,1.0,Somerst,10385.0,1139.0,9.0,456.0,1,236772.0
5,1258.0,2.0,862.0,1912,1950,2.0,NPkVill,8196.0,896.0,6.0,509.0,1,357228.0
2,1048.0,2.0,1390.0,1919,1953,1.0,Somerst,5556.0,612.0,7.0,543.0,0,161504.0
4,334.0,2.0,1190.0,1964,1978,1.0,OldTown,8327.0,334.0,6.0,517.0,0,233887.0
3,1287.0,2.0,1316.0,2007,2010,1.0,BrDale,13644.0,998.0,8.0,559.0,1,313039.0
4,1709.0,2.0,1029.0,1988,1997,0.0,ClearCr,6946.0,1345.0,8.0,702.0,1,340972.0
7,1256.0,2.0,1569.0,1898,1950,2.0,Edwards,11158.0,942.0,8.0,660.0,2,396835.0
7,2531.0,2.0,1462.0,1874,1950,1.0,Blueste,5212.0,1371.0,7.0,547.0,1,388966.0
7,1522.0,1.0,1252.0,1879,1950,2.0,OldTown,13227.0,1310.0,5.0,232.0,1,435379.0
4,2193.0,1.0,1463.0,1954,1991,2.0,CollgCr,10472.0,1730.0,10.0,333.0,1,354629.0
10,1652.0,1.0,1386.0,1893,1950,1.0,Blmngtn,4910.0,1232.0,8.0,278.0,0,434157.0
1,1949.0,2.0,865.0,1904,1950,1.0,Gilbert,8006.0,1448.0,6.0,422.0,1,340906.0
4,1662.0,1.0,468.0,1989,2010,0.0,Gilbert,14267.0,1424.0,9.0,308.0,0,310549.0
2,2234.0,2.0,1241.0,1993,2010,1.0,MeadowV,4772.0,1939.0,6.0,642.0,0,319981.0
4,1544.0,1.0,1296.0,1988,1988,2.0,NoRidge,5242.0,1109.0,9.0,183.0,1,220172.0
10,1775.0,1.0,1535.0,1907,1950,1.0,IDOTRR,8649.0,1132.0,9.0,247.0,0,520241.0
4,1707.0,2.0,647.0,1958,1982,2.0,Blueste,26021.0,1048.0,5.0,551.0,2,278539.0
10,1364.0,1.0,660.0,1956,1995,0.0,OldTown,6398.0,1117.0,7.0,309.0,0,351594.0
5,1728.0,1.0,1258.0,1897,1950,1.0,Blmngtn,11472.0,1279.0,8.0,259.0,0,327016.0
7,2688.0,1.0,1026.0,1948,1972,1.0,NridgHt,10199.0,1303.0,11.0,247.0,1,487933.0
5,1373.0,2.0,231.0,1945,1962,2.0,NoRidge,6669.0,706.0,5.0,618.0,0,240772.0
3,1735.0,3.0,1221.0,1927,1962,2.0,NWAmes,9707.0,1484.0,9.0,784.0,0,235695.0
8,2175.0,1.0,246.0,1976,2009,2.0,Sawyer,7159.0,1844.0,7.0,302.0,1,458343.0
10,2114.0,2.0,643.0,1966,2002,2.0,NWAmes,7488.0,1857.0,5.0,471.0,1,322894.0
3,1521.0,3.0,1649.0,1946,1966,1.0,IDOTRR,3902.0,977.0,6.0,678.0,1,338715.0
8,334.0,0.0,1856.0,1972,2003,2.0,Veenker,8847.0,334.0,7.0,0.0,0,299684.0
3,1786.0,3.0,525.0,1978,1992,1.0,OldTown,14038.0,1469.0,5.0,870.0,0,318966.0
8,350.0,4.0,913.0,1950,1968,1.0,StoneBr,9216.0,334.0,7.0,1268.0,0,279726.0
8,2287.0,0.0,1076.0,1909,1950,2.0,Veenker,15448.0,1179.0,8.0,0.0,1,346933.0
5,1604.0,2.0,1837.0,1977,1980,1.0,ClearCr,11970.0,1441.0,7.0,496.0,1,407513.0
8,2040.0,1.0,841.0,1971,1999,2.0,Blueste,8693.0,946.0,6.0,334.0,1,417557.0
3,1041.0,2.0,848.0,2008,2008,2.0,NAmes,6542.0,748.0,6.0,438.0,0,301901.0
1,700.0,1.0,1735.0,1892,1950,2.0,SawyerW,7022.0,520.0,6.0,330.0,0,166426.0
1,1652.0,2.0,893.0,1930,1950,2.0,Mitchel,4293.0,1250.0,7.0,666.0,1,218020.0
5,1497.0,2.0,1373.0,2000,2010,2.0,IDOTRR,7836.0,846.0,8.0,629.0,1,383582.0
10,1257.0,1.0,410.0,1943,1962,2.0,Sawyer,9633.0,974.0,7.0,252.0,0,399273.0
2,1559.0,2.0,982.0,2003,2010,1.0,NridgHt,21114.0,853.0,4.0,495.0,0,319206.0
5,2968.0,2.0,330.0,1873,1950,1.0,Veenker,11663.0,2443.0,6.0,543.0,0,321411.0
8,1953.0,1.0,595.0,1876,1950,2.0,Gilbert,5811.0,1071.0,7.0,228.0,0,400146.0
3,2066.0,1.0,1425.0,1982,2004,2.0,Blmngtn,4360.0,1577.0,8.0,242.0,2,389522.0
8,1958.0,3.0,1035.0,1921,1951,1.0,NAmes,8077.0,1571.0,9.0,917.0,1,470289.0
4,2292.0,1.0,917.0,1944,1966,2.0,Mitchel,13439.0,1226.0,9.0,306.0,2,314069.0
9,1415.0,2.0,729.0,1931,1956,2.0,NoRidge,8020.0,788.0,7.0,476.0,1,313839.0
6,436.0,1.0,960.0,1928,1961,1.0,Blueste,11743.0,349.0,8.0,307.0,0,229467.0
6,1416.0,2.0,1189.0,2002,2010,1.0,MeadowV,8180.0,692.0,4.0,596.0,0,253123.0
2,1941.0,3.0,1488.0,1885,1950,1.0,NAmes,12817.0,1040.0,7.0,1021.0,1,345144.0
5,1006.0,2.0,0.0,1979,2007,2.0,ClearCr,4029.0,659.0,5.0,606.0,0,296177.0
9,1422.0,1.0,693.0,1995,2004,2.0,NWAmes,19972.0,1235.0,6.0,322.0,0,279016.0
1,1152.0,1.0,1127.0,1963,1970,2.0,Veenker,5135.0,810.0,11.0,299.0,1,210219.0
8,2304.0,1.0,1014.0,1926,1957,2.0,MeadowV,13318.0,1439.0,7.0,319.0,0,466327.0
5,1908.0,2.0,1234.0,1894,1950,2.0,Somerst,7816.0,1699.0,5.0,457.0,0,271549.0
8,1857.0,0.0,1174.0,1966,1999,2.0,SawyerW,8451.0,1223.0,7.0,0.0,0,368785.0
7,1841.0,2.0,923.0,1937,1967,2.0,BrDale,7938.0,1188.0,6.0,557.0,1,356583.0
5,1495.0,1.0,826.0,1892,1950,2.0,Blmngtn,10176.0,950.0,5.0,270.0,1,297439.0
4,1619.0,3.0,949.0,1921,1950,2.0,NoRidge,11257.0,956.0,10.0,893.0,1,197784.0
7,893.0,3.0,1560.0,2005,2010,1.0,Gilbert,15202.0,533.0,8.0,916.0,1,434218.0
2,367.0,2.0,736.0,1908,1950,1.0,SawyerW,18106.0,334.0,7.0,591.0,1,175456.0
6,1594.0,2.0,1029.0,1896,1950,2.0,MeadowV,10571.0,747.0,6.0,546.0,0,353411.0
1,1685.0,1.0,1137.0,1966,1972,2.0,Timber,21096.0,1275.0,6.0,251.0,1,244369.0
7,2150.0,2.0,1740.0,1899,1950,2.0,Gilbert,9381.0,1162.0,9.0,648.0,0,457426.0
7,2340.0,1.0,925.0,1999,2004,2.0,Sawyer,15348.0,1458.0,7.0,294.0,2,413507.0
1,2339.0,1.0,1477.0,1991,2007,3.0,Somerst,11096.0,1207.0,2.0,239.0,1,202127.0
8,991.0,2.0,1597.0,2008,2010,2.0,BrkSide,6805.0,692.0,10.0,545.0,0,420726.0
5,1330.0,1.0,1029.0,1998,2008,2.0,BrkSide,9805.0,1035.0,7.0,210.0,1,324096.0
8,1767.0,2.0,965.0,1905,1950,1.0,IDOTRR,11517.0,1077.0,7.0,563.0,0,460618.0
1,2844.0,2.0,913.0,1901,1950,2.0,Blmngtn,8812.0,1489.0,8.0,544.0,0,306176.0
2,2292.0,1.0,945.0,1919,1950,1.0,StoneBr,11009.0,1265.0,7.0,257.0,0,262632.0
5,2103.0,3.0,1431.0,1937,1974,2.0,Timber,13804.0,1721.0,8.0,1030.0,0,280239.0
2,1311.0,1.0,1158.0,1994,2010,2.0,SawyerW,8851.0,748.0,6.0,234.0,0,232349.0
4,1051.0,3.0,1160.0,1973,1986,2.0,NoRidge,2055.0,839.0,5.0,925.0,1,228932.0
7,1929.0,1.0,564.0,1961,2000,2.0,Blmngtn,20726.0,1156.0,7.0,367.0,1,392555.0
2,937.0,2.0,633.0,1994,2010,2.0,NAmes,7717.0,501.0,9.0,646.0,0,227273.0
7,1390.0,1.0,1996.0,1961,1985,0.0,NWAmes,5933.0,1080.0,5.0,279.0,1,257501.0
2,1455.0,2.0,979.0,1924,1950,2.0,CollgCr,5105.0,962.0,5.0,469.0,0,210548.0
2,2351.0,2.0,718.0,1929,1950,2.0,Gilbert,7569.0,1091.0,8.0,451.0,1,346682.0
6,1329.0,3.0,1684.0,1943,1950,3.0,CollgCr,6759.0,1172.0,6.0,791.0,0,376959.0
8,334.0,3.0,1180.0,1884,1950,2.0,Timber,6195.0,334.0,6.0,758.0,1,274843.0
2,1780.0,1.0,1310.0,1975,1982,2.0,BrDale,6367.0,1084.0,6.0,251.0,1,310894.0
3,1148.0,2.0,997.0,1962,1991,2.0,Blmngtn,11671.0,715.0,6.0,534.0,2,286854.0
10,1537.0,1.0,917.0,1973,1975,2.0,Gilbert,24715.0,1030.0,4.0,276.0,1,429982.0
10,1469.0,1.0,983.0,1946,1971,2.0,SWISU,13498.0,1180.0,6.0,299.0,0,277221.0
6,1371.0,1.0,451.0,1980,2010,2.0,NWAmes,15698.0,621.0,7.0,230.0,0,278611.0
5,1930.0,1.0,1018.0,2004,2010,1.0,Sawyer,7415.0,1678.0,7.0,253.0,0,354387.0
4,710.0,2.0,1187.0,1951,1967,1.0,NoRidge,9436.0,526.0,8.0,547.0,1,208739.0
7,1244.0,0.0,1868.0,1933,1950,1.0,StoneBr,11084.0,1092.0,9.0,0.0,0,293486.0
6,1874.0,2.0,1095.0,1886,1950,2.0,Timber,6440.0,1533.0,9.0,707.0,0,236660.0
3,1193.0,3.0,35.0,1980,1980,2.0,OldTown,7238.0,1035.0,8.0,868.0,1,271019.0
1,670.0,3.0,1016.0,1997,2010,1.0,Mitchel,13729.0,483.0,6.0,646.0,0,219830.0
2,1866.0,1.0,2257.0,1969,1995,1.0,Sawyer,15447.0,1140.0,6.0,297.0,0,337803.0
10,2105.0,1.0,1436.0,1992,1999,2.0,NAmes,9262.0,1367.0,7.0,302.0,0,549760.0
5,1491.0,2.0,702.0,1991,2010,2.0,CollgCr,4927.0,1112.0,7.0,550.0,0,275958.0
5,486.0,0.0,1316.0,1982,1989,1.0,BrkSide,7725.0,334.0,8.0,0.0,1,221745.0
5,1886.0,3.0,732.0,1941,1950,1.0,OldTown,4356.0,1470.0,7.0,1051.0,1,336608.0
8,644.0,2.0,464.0,1885,1950,2.0,ClearCr,9298.0,334.0,6.0,474.0,1,326344.0
1,1677.0,3.0,904.0,1872,1950,1.0,CollgCr,10175.0,1381.0,8.0,919.0,0,223032.0
1,1049.0,0.0,1097.0,1900,1950,2.0,Gilbert,7822.0,568.0,9.0,0.0,0,219338.0
3,906.0,2.0,237.0,1931,1967,2.0,Blueste,10106.0,793.0,8.0,608.0,2,235987.0
5,1283.0,2.0,554.0,1975,2010,2.0,SWISU,11031.0,667.0,6.0,697.0,1,229142.0
7,1419.0,2.0,1062.0,1935,1965,2.0,IDOTRR,10183.0,721.0,5.0,605.0,1,354289.0
5,1177.0,1.0,878.0,1875,1950,2.0,NAmes,4911.0,960.0,5.0,258.0,0,283912.0
5,1824.0,2.0,1230.0,1901,1950,3.0,CollgCr,7890.0,1493.0,5.0,648.0,3,314631.0
10,1281.0,2.0,525.0,2008,2010,0.0,NPkVill,10992.0,1002.0,7.0,510.0,1,432103.0
2,2030.0,3.0,1370.0,2009,2010,1.0,MeadowV,19719.0,1791.0,7.0,860.0,1,302932.0
6,1663.0,3.0,539.0,1924,1956,2.0,Blmngtn,7817.0,951.0,4.0,685.0,1,357312.0
6,1149.0,1.0,1777.0,1983,1999,1.0,BrDale,11795.0,944.0,6.0,239.0,0,396947.0
5,1060.0,1.0,305.0,1971,1980,2.0,NAmes,13892.0,645.0,7.0,282.0,0,311183.0
9,650.0,1.0,578.0,2001,2010,2.0,BrDale,8117.0,450.0,5.0,295.0,1,374872.0
3,1668.0,3.0,1240.0,1995,2006,2.0,BrkSide,15902.0,1085.0,7.0,636.0,0,337972.0
10,1329.0,1.0,1786.0,1959,1972,1.0,SWISU,16335.0,602.0,6.0,300.0,0,243910.0
4,334.0,3.0,1195.0,1926,1964,1.0,Mitchel,17858.0,334.0,5.0,742.0,0,217535.0
6,1234.0,2.0,1304.0,1959,1981,1.0,ClearCr,11262.0,970.0,7.0,662.0,1,384234.0
6,1042.0,2.0,1065.0,1916,1950,2.0,Veenker,29146.0,551.0,7.0,532.0,0,260250.0
9,2342.0,2.0,607.0,1920,1950,1.0,Blueste,6584.0,2036.0,5.0,470.0,0,424788.0
5,621.0,2.0,842.0,1956,1973,2.0,IDOTRR,25901.0,428.0,6.0,566.0,0,246134.0
3,758.0,2.0,526.0,1951,1990,2.0,NridgHt,13150.0,402.0,7.0,487.0,0,255074.0
1,2098.0,1.0,497.0,1952,1969,2.0,NoRidge,17504.0,1554.0,5.0,331.0,0,223484.0
4,2227.0,2.0,1233.0,1925,1952,1.0,Crawfor,7631.0,1194.0,4.0,560.0,0,303402.0
9,1124.0,2.0,565.0,1928,1950,1.0,Gilbert,13660.0,538.0,4.0,548.0,0,360349.0
1,1183.0,1.0,1197.0,1873,1950,2.0,ClearCr,18279.0,897.0,6.0,304.0,0,243523.0
9,1839.0,2.0,487.0,1955,1986,3.0,CollgCr,5200.0,919.0,4.0,480.0,1,333526.0
6,334.0,2.0,1187.0,1952,1976,2.0,Mitchel,8253.0,334.0,6.0,457.0,1,271670.0
2,538.0,2.0,843.0,2002,2010,1.0,SWISU,3070.0,421.0,9.0,593.0,1,150062.0
4,1368.0,1.0,1673.0,1942,1965,2.0,Blmngtn,8191.0,650.0,4.0,236.0,3,319025.0
6,2329.0,1.0,1199.0,1937,1952,2.0,NoRidge,5955.0,1897.0,6.0,236.0,0,297418.0
4,1286.0,3.0,1598.0,1881,1950,1.0,Blueste,8031.0,1039.0,10.0,940.0,2,312444.0
2,1568.0,3.0,726.0,1899,1950,2.0,BrDale,38631.0,805.0,7.0,903.0,0,301070.0
7,2110.0,2.0,1082.0,1918,1951,1.0,Gilbert,21140.0,1442.0,6.0,460.0,1,475241.0
7,2621.0,1.0,627.0,1924,1950,2.0,Veenker,4360.0,1293.0,6.0,255.0,1,362727.0
2,1212.0,2.0,876.0,1922,1950,2.0,NWAmes,11824.0,890.0,7.0,488.0,1,181429.0
3,1506.0,3.0,942.0,1926,1950,2.0,NoRidge,13353.0,720.0,9.0,1053.0,1,220850.0
3,2472.0,2.0,739.0,1978,2000,1.0,Gilbert,7563.0,2163.0,6.0,632.0,1,392191.0
7,716.0,1.0,525.0,1890,1950,1.0,IDOTRR,9790.0,389.0,5.0,263.0,0,265818.0
8,2054.0,3.0,438.0,1918,1950,2.0,StoneBr,10280.0,1555.0,4.0,909.0,0,417655.0
8,980.0,2.0,32.0,1894,1950,0.0,NPkVill,4567.0,498.0,7.0,452.0,0,358093.0
10,1569.0,3.0,594.0,1914,1950,1.0,Blmngtn,5347.0,854.0,4.0,759.0,1,431225.0
8,1388.0,1.0,1332.0,1967,1968,2.0,BrDale,9761.0,906.0,6.0,284.0,0,349524.0
4,1012.0,2.0,357.0,1878,1950,2.0,IDOTRR,9412.0,716.0,5.0,596.0,1,290380.0
2,999.0,3.0,458.0,1919,1950,2.0,NPkVill,6284.0,899.0,8.0,828.0,0,266341.0
7,1660.0,2.0,1841.0,1875,1950,2.0,OldTown,6020.0,766.0,6.0,580.0,1,394238.0
10,2038.0,2.0,778.0,2004,2010,3.0,Blueste,8562.0,917.0,7.0,566.0,1,546773.0
10,1447.0,1.0,1198.0,1973,2002,1.0,Gilbert,13948.0,879.0,4.0,273.0,0,429113.0
3,1552.0,3.0,1338.0,1905,1950,2.0,Mitchel,8619.0,954.0,7.0,804.0,1,247230.0
3,1815.0,1.0,1347.0,1899,1950,1.0,NPkVill,20158.0,1539.0,5.0,263.0,0,315285.0
1,1005.0,2.0,390.0,1885,1950,2.0,SWISU,6324.0,865.0,6.0,579.0,1,116783.0
2,1903.0,1.0,956.0,1937,1950,2.0,Veenker,9863.0,1610.0,10.0,296.0,0,247915.0
6,1945.0,3.0,348.0,1976,1991,3.0,SWISU,7501.0,1001.0,8.0,864.0,1,245549.0
6,2882.0,3.0,2128.0,1953,1966,1.0,NoRidge,12016.0,1831.0,6.0,699.0,0,335621.0
4,1318.0,2.0,358.0,1994,2010,2.0,Somerst,6058.0,1035.0,12.0,480.0,0,200138.0
4,1275.0,1.0,598.0,1919,1950,2.0,Blueste,23475.0,753.0,5.0,296.0,1,257730.0
9,1919.0,3.0,601.0,1910,1950,2.0,NoRidge,3846.0,1436.0,8.0,1017.0,0,297124.0
5,1945.0,1.0,401.0,1938,1950,2.0,StoneBr,21115.0,1083.0,4.0,286.0,0,297967.0
9,1234.0,1.0,1649.0,1900,1950,2.0,Mitchel,9367.0,735.0,6.0,264.0,1,310248.0
10,1303.0,0.0,2118.0,2007,2010,2.0,Blmngtn,11804.0,1091.0,4.0,0.0,0,460093.0
4,1799.0,1.0,849.0,1897,1950,1.0,BrkSide,17453.0,1012.0,7.0,235.0,0,386950.0
3,1081.0,1.0,479.0,1938,1960,1.0,Somerst,13751.0,956.0,7.0,332.0,1,162906.0
10,1299.0,1.0,77.0,1944,1960,1.0,Somerst,6217.0,764.0,6.0,287.0,2,269846.0
7,1562.0,2.0,950.0,1879,1950,1.0,SWISU,12089.0,719.0,8.0,506.0,1,251901.0
3,2038.0,1.0,918.0,1937,1956,2.0,ClearCr,22782.0,1151.0,6.0,273.0,0,317781.0
7,1198.0,2.0,772.0,1935,1964,1.0,Gilbert,5747.0,631.0,7.0,518.0,1,378787.0
6,548.0,1.0,1154.0,1908,1950,1.0,SWISU,25828.0,372.0,8.0,332.0,1,185410.0
10,509.0,2.0,1230.0,1889,1950,2.0,Blueste,10860.0,334.0,4.0,544.0,0,357819.0
3,854.0,3.0,1199.0,1878,1950,2.0,IDOTRR,7211.0,625.0,5.0,859.0,1,246591.0
10,826.0,2.0,919.0,1873,1950,1.0,Blueste,5729.0,697.0,7.0,606.0,0,343495.0
10,1434.0,2.0,574.0,1938,1965,2.0,Edwards,8009.0,879.0,8.0,501.0,0,399005.0
2,891.0,1.0,1349.0,1884,1950,2.0,Mitchel,3369.0,469.0,9.0,288.0,1,151036.0
2,1146.0,3.0,1062.0,2005,2010,2.0,IDOTRR,7276.0,722.0,6.0,873.0,0,325822.0
6,1109.0,1.0,1446.0,1906,1950,2.0,NWAmes,7852.0,891.0,6.0,218.0,0,264846.0
1,1284.0,3.0,1403.0,1962,1978,1.0,OldTown,5233.0,920.0,5.0,870.0,0,273398.0
3,2209.0,2.0,434.0,1965,1991,0.0,BrkSide,13016.0,1095.0,7.0,556.0,0,355527.0
5,1863.0,2.0,429.0,1940,1956,2.0,NWAmes,8027.0,1289.0,6.0,570.0,1,262460.0
10,1523.0,2.0,726.0,1994,2003,1.0,Gilbert,6517.0,1006.0,6.0,563.0,1,413076.0
10,1273.0,1.0,594.0,1887,1950,1.0,SawyerW,7611.0,760.0,6.0,290.0,0,336217.0
2,1288.0,3.0,1388.0,1904,1950,1.0,Mitchel,10695.0,643.0,7.0,1000.0,0,208098.0
9,1687.0,1.0,1211.0,1907,1950,2.0,NPkVill,9289.0,1504.0,6.0,233.0,0,536932.0
1,1822.0,2.0,1538.0,1890,1950,1.0,Crawfor,6308.0,964.0,5.0,533.0,1,246660.0
8,1039.0,1.0,1231.0,1912,1950,3.0,Mitchel,9536.0,558.0,7.0,307.0,1,314199.0
9,1534.0,2.0,1148.0,1915,1950,1.0,SawyerW,8731.0,791.0,2.0,598.0,2,328467.0
9,448.0,1.0,1582.0,1978,2008,2.0,Timber,5066.0,334.0,6.0,298.0,2,364314.0
3,1626.0,2.0,1263.0,1913,1951,1.0,NridgHt,7752.0,1056.0,5.0,780.0,0,275131.0
9,1915.0,1.0,1087.0,1993,1996,2.0,Veenker,11964.0,1077.0,8.0,305.0,0,391173.0
2,1368.0,2.0,1705.0,1979,1995,1.0,Mitchel,11921.0,880.0,6.0,650.0,1,249483.0
6,2469.0,2.0,1107.0,1997,2010,1.0,Mitchel,7983.0,1859.0,6.0,535.0,1,359171.0
5,1052.0,1.0,924.0,1886,1950,3.0,CollgCr,12561.0,607.0,6.0,240.0,1,245723.0
4,1629.0,2.0,690.0,2008,2010,1.0,NPkVill,5486.0,1404.0,6.0,535.0,1,336260.0
1,1496.0,2.0,1365.0,1957,1963,1.0,BrkSide,5572.0,879.0,6.0,617.0,0,212832.0
8,1462.0,1.0,1599.0,2008,2010,2.0,Edwards,7898.0,788.0,7.0,296.0,1,434201.0
4,1455.0,2.0,1035.0,1921,1950,3.0,Somerst,18935.0,1280.0,6.0,592.0,0,207251.0
7,1571.0,1.0,1630.0,2004,2010,2.0,SawyerW,9717.0,1280.0,6.0,271.0,2,379727.0
5,1960.0,4.0,194.0,1953,1962,1.0,MeadowV,7803.0,1185.0,5.0,1060.0,1,344296.0
4,2238.0,3.0,1033.0,1881,1950,2.0,OldTown,19381.0,1855.0,5.0,818.0,0,413981.0
9,1514.0,2.0,1039.0,1929,1950,1.0,Edwards,7758.0,1035.0,7.0,618.0,1,417892.0
1,1943.0,3.0,739.0,1891,1950,2.0,Timber,27374.0,1178.0,7.0,941.0,0,183732.0
8,1147.0,0.0,2101.0,2002,2010,1.0,Crawfor,6935.0,950.0,4.0,0.0,0,372046.0
8,1917.0,0.0,1028.0,1914,1950,1.0,Blmngtn,5400.0,1512.0,8.0,0.0,1,395743.0
4,1115.0,1.0,878.0,1902,1950,2.0,ClearCr,8241.0,651.0,8.0,254.0,0,301487.0
3,2088.0,1.0,1068.0,1948,1980,2.0,StoneBr,7907.0,1510.0,8.0,299.0,2,317412.0
1,2676.0,2.0,180.0,1931,1956,1.0,NWAmes,5980.0,1649.0,7.0,545.0,1,222167.0
10,1451.0,2.0,724.0,1885,1950,2.0,NoRidge,32892.0,654.0,8.0,685.0,0,294397.0
10,364.0,2.0,1488.0,1985,2009,2.0,Timber,10502.0,334.0,10.0,527.0,0,302276.0
3,1227.0,1.0,782.0,1989,1999,2.0,NridgHt,11295.0,856.0,6.0,287.0,0,258997.0
1,2162.0,2.0,694.0,1975,1979,1.0,SawyerW,7109.0,1555.0,5.0,609.0,1,207821.0
2,1805.0,2.0,1631.0,1957,1967,3.0,Blmngtn,6709.0,1300.0,4.0,490.0,1,321042.0
1,1646.0,2.0,1644.0,1927,1950,1.0,IDOTRR,14955.0,1149.0,9.0,554.0,0,248627.0
9,2045.0,1.0,1283.0,1947,1952,3.0,BrkSide,3874.0,1187.0,9.0,269.0,0,419599.0
9,1769.0,3.0,858.0,1944,1950,3.0,MeadowV,5057.0,1569.0,5.0,778.0,0,415691.0
2,2154.0,2.0,952.0,1894,1950,2.0,NridgHt,7914.0,1572.0,5.0,525.0,2,321424.0
8,1998.0,3.0,705.0,1883,1950,2.0,Gilbert,17598.0,1502.0,6.0,973.0,1,453431.0
2,2314.0,1.0,621.0,1907,1950,0.0,Blueste,7426.0,1515.0,8.0,256.0,0,272007.0
4,1703.0,2.0,600.0,1935,1972,1.0,BrDale,11027.0,987.0,4.0,605.0,0,271208.0
6,1990.0,2.0,786.0,1894,1950,2.0,Mitchel,9080.0,953.0,3.0,585.0,1,280089.0
8,1354.0,2.0,604.0,1886,1950,2.0,Blmngtn,17122.0,823.0,10.0,448.0,0,356275.0
9,1199.0,2.0,372.0,1990,2010,1.0,SawyerW,4055.0,635.0,7.0,602.0,1,319450.0
1,2411.0,2.0,1153.0,1924,1950,1.0,StoneBr,12939.0,1803.0,7.0,447.0,0,240724.0
2,1629.0,0.0,1160.0,1953,1968,0.0,NAmes,8108.0,1377.0,6.0,0.0,0,269589.0
3,1938.0,0.0,1802.0,1944,1954,2.0,SWISU,14221.0,1136.0,7.0,0.0,0,203710.0
4,1580.0,3.0,764.0,1974,1975,1.0,Somerst,5945.0,948.0,4.0,841.0,0,223307.0
10,1207.0,3.0,1187.0,1974,1977,2.0,NridgHt,9065.0,907.0,5.0,685.0,2,470727.0
8,1521.0,3.0,1194.0,1913,1950,2.0,BrDale,8508.0,787.0,7.0,855.0,2,415437.0
4,2269.0,2.0,946.0,1989,2010,1.0,Gilbert,5425.0,1970.0,3.0,634.0,2,431470.0
10,1807.0,1.0,1383.0,1923,1950,2.0,Crawfor,4721.0,1109.0,6.0,248.0,0,333567.0
5,616.0,1.0,1397.0,1988,2005,1.0,Blmngtn,6700.0,334.0,6.0,256.0,0,278895.0
6,1402.0,2.0,1200.0,1928,1959,2.0,Blmngtn,9556.0,741.0,6.0,596.0,0,398785.0
5,2451.0,1.0,945.0,1887,1950,1.0,BrkSide,6134.0,2132.0,6.0,299.0,2,413027.0
2,1403.0,3.0,900.0,1977,1985,2.0,OldTown,7593.0,787.0,5.0,548.0,2,350978.0
10,570.0,3.0,458.0,1876,1950,1.0,Sawyer,3488.0,426.0,4.0,1082.0,1,390586.0
1,2509.0,2.0,704.0,1979,2010,1.0,NoRidge,7440.0,1305.0,7.0,602.0,0,238336.0
2,1873.0,2.0,785.0,1877,1950,2.0,NWAmes,14940.0,1006.0,6.0,616.0,0,187106.0
3,1478.0,1.0,565.0,1900,1950,1.0,SWISU,12741.0,1250.0,4.0,274.0,1,154087.0
3,1320.0,3.0,1250.0,1955,1964,2.0,Blueste,8574.0,682.0,7.0,617.0,0,291753.0
2,2083.0,2.0,1581.0,2002,2010,1.0,NoRidge,10116.0,955.0,6.0,614.0,2,242414.0
1,1230.0,2.0,659.0,1928,1950,3.0,NoRidge,5919.0,831.0,6.0,515.0,0,163800.0
7,2118.0,2.0,1181.0,1888,1950,2.0,IDOTRR,20175.0,1775.0,3.0,604.0,2,379915.0
10,1800.0,1.0,604.0,1904,1950,2.0,Somerst,25182.0,1074.0,8.0,271.0,0,296041.0
2,1643.0,2.0,923.0,1996,1998,2.0,Timber,9725.0,834.0,5.0,579.0,0,282681.0
3,1591.0,1.0,755.0,1973,2007,2.0,Blmngtn,32707.0,1419.0,7.0,249.0,1,345130.0
6,1423.0,3.0,1321.0,1885,1950,2.0,SWISU,6374.0,1074.0,5.0,944.0,1,229153.0
10,2064.0,2.0,760.0,1925,1950,2.0,ClearCr,4791.0,1719.0,6.0,465.0,1,511179.0
7,1061.0,3.0,1500.0,1908,1950,2.0,Veenker,6280.0,837.0,8.0,1109.0,1,304667.0
8,663.0,2.0,949.0,1896,1950,1.0,SawyerW,8025.0,507.0,7.0,739.0,0,268210.0
6,1838.0,2.0,772.0,1989,2010,1.0,NWAmes,28454.0,1145.0,8.0,691.0,0,260689.0
5,1846.0,1.0,508.0,1957,1978,2.0,Blueste,7781.0,1100.0,7.0,331.0,0,327295.0
2,1767.0,2.0,1168.0,1896,1950,1.0,BrkSide,5827.0,1365.0,7.0,553.0,0,317713.0
9,1729.0,1.0,1449.0,1962,1986,2.0,ClearCr,5715.0,1336.0,4.0,327.0,2,446418.0
9,1347.0,1.0,1177.0,1929,1950,2.0,NoRidge,15836.0,1182.0,6.0,276.0,0,272112.0
1,1928.0,2.0,2038.0,1880,1950,2.0,Edwards,14745.0,1361.0,6.0,436.0,0,265942.0
8,1491.0,2.0,1683.0,1934,1965,1.0,Sawyer,7025.0,869.0,8.0,680.0,1,416537.0
1,1259.0,0.0,922.0,1897,1950,2.0,NWAmes,3506.0,844.0,6.0,0.0,0,145503.0
8,1351.0,2.0,918.0,1906,1950,1.0,Somerst,5093.0,981.0,7.0,557.0,0,239957.0
9,2576.0,2.0,1263.0,1994,1998,2.0,MeadowV,21176.0,1654.0,7.0,462.0,0,418690.0
2,604.0,1.0,690.0,1970,1999,1.0,Blueste,12637.0,487.0,8.0,257.0,1,231211.0
5,1777.0,2.0,1568.0,1890,1950,2.0,Blueste,9253.0,1267.0,6.0,414.0,0,385308.0
2,633.0,2.0,1215.0,1990,2007,1.0,Somerst,22798.0,334.0,8.0,636.0,1,134446.0
6,1458.0,2.0,1169.0,1951,1953,1.0,BrkSide,23841.0,1030.0,4.0,432.0,1,417935.0
10,1287.0,1.0,1358.0,1993,2010,2.0,Gilbert,8796.0,946.0,4.0,291.0,2,457727.0
1,420.0,2.0,1812.0,1975,1982,2.0,CollgCr,8877.0,362.0,3.0,493.0,1,183713.0
4,1719.0,3.0,1132.0,1919,1950,1.0,NoRidge,6694.0,1094.0,8.0,669.0,0,272684.0
10,1315.0,1.0,1007.0,1946,1985,1.0,Veenker,7767.0,932.0,8.0,290.0,1,374088.0
4,413.0,1.0,1718.0,1945,1974,1.0,CollgCr,4259.0,334.0,8.0,267.0,0,227967.0
2,1956.0,1.0,1481.0,1972,1973,1.0,StoneBr,4251.0,1348.0,5.0,314.0,0,275750.0
5,2268.0,2.0,916.0,1906,1950,2.0,NAmes,3785.0,1089.0,6.0,459.0,0,317086.0
6,2297.0,2.0,1059.0,1918,1950,2.0,Veenker,15401.0,1961.0,6.0,499.0,2,269342.0
7,1703.0,1.0,1143.0,1906,1950,2.0,CollgCr,4102.0,1464.0,9.0,184.0,1,344006.0
4,1539.0,2.0,1215.0,1913,1950,2.0,Mitchel,23742.0,1072.0,9.0,385.0,2,301125.0
10,2212.0,1.0,463.0,1894,1950,2.0,Edwards,6216.0,1549.0,8.0,352.0,0,390880.0
6,2398.0,1.0,381.0,1877,1950,1.0,Mitchel,21347.0,1141.0,7.0,363.0,0,280177.0
3,2110.0,1.0,668.0,2002,2006,1.0,Mitchel,7461.0,1517.0,9.0,284.0,0,252509.0
10,1021.0,1.0,634.0,1882,1950,1.0,IDOTRR,4092.0,657.0,6.0,247.0,2,345177.0
10,1621.0,3.0,775.0,1995,2004,1.0,BrDale,17016.0,1247.0,6.0,804.0,0,488419.0
5,1746.0,1.0,1335.0,1872,1950,1.0,Blueste,18051.0,823.0,6.0,315.0,0,322956.0
1,565.0,2.0,983.0,1980,2000,2.0,NWAmes,5693.0,435.0,5.0,519.0,1,141084.0
6,1761.0,1.0,1143.0,1917,1950,2.0,Blmngtn,7587.0,1020.0,6.0,290.0,0,457916.0
6,2708.0,2.0,521.0,1943,1963,3.0,Mitchel,5694.0,2013.0,5.0,559.0,1,299955.0
2,1851.0,1.0,855.0,1911,1950,1.0,OldTown,8432.0,1355.0,8.0,257.0,1,300383.0
7,2289.0,2.0,1314.0,1940,1963,2.0,NoRidge,9451.0,1264.0,7.0,518.0,0,287898.0
9,1611.0,2.0,1318.0,1934,1968,1.0,ClearCr,7512.0,1044.0,9.0,583.0,1,428057.0
2,1477.0,4.0,740.0,1945,1960,1.0,Sawyer,3607.0,1220.0,4.0,964.0,0,283837.0
8,1715.0,2.0,1128.0,1926,1959,1.0,Timber,6698.0,1239.0,10.0,596.0,1,371107.0
2,1087.0,1.0,2020.0,1946,1977,2.0,Mitchel,12731.0,523.0,4.0,261.0,0,204552.0
8,1009.0,2.0,1049.0,1986,2010,1.0,Edwards,8067.0,655.0,5.0,570.0,2,341606.0
5,2180.0,3.0,753.0,1932,1968,1.0,SawyerW,7603.0,1287.0,6.0,1006.0,2,310293.0
1,2235.0,1.0,981.0,1922,1953,1.0,Mitchel,5623.0,1651.0,9.0,273.0,0,209156.0
10,995.0,1.0,1097.0,1890,1950,1.0,NWAmes,6601.0,723.0,7.0,317.0,0,270220.0
2,2023.0,2.0,991.0,1922,1952,1.0,NPkVill,18115.0,920.0,6.0,417.0,2,334776.0
6,1469.0,1.0,1043.0,1889,1950,1.0,SawyerW,5065.0,1063.0,5.0,261.0,0,276346.0
2,1693.0,2.0,425.0,1897,1950,2.0,NoRidge,12841.0,1322.0,4.0,562.0,0,190532.0
10,1757.0,1.0,635.0,2004,2010,2.0,NAmes,9168.0,1398.0,8.0,357.0,0,436204.0
8,2037.0,3.0,992.0,1884,1950,1.0,Sawyer,10121.0,971.0,8.0,605.0,1,462919.0
9,1558.0,1.0,985.0,1939,1959,1.0,NPkVill,6209.0,914.0,9.0,276.0,1,475871.0
5,2255.0,2.0,809.0,1987,2010,1.0,NPkVill,7511.0,1442.0,7.0,677.0,1,471693.0
5,1677.0,3.0,979.0,2004,2010,2.0,Blueste,8930.0,890.0,2.0,746.0,1,373577.0
7,1843.0,2.0,1084.0,1892,1950,1.0,CollgCr,6903.0,1178.0,5.0,543.0,1,352727.0
8,1078.0,1.0,1447.0,1894,1950,2.0,Veenker,10569.0,520.0,7.0,293.0,1,273571.0
9,2648.0,1.0,1014.0,1923,1950,2.0,NridgHt,11257.0,1327.0,6.0,287.0,1,451686.0
1,1762.0,2.0,1232.0,1949,1987,1.0,NAmes,26539.0,1323.0,6.0,685.0,0,306299.0
7,1889.0,1.0,820.0,2005,2005,1.0,OldTown,10292.0,1073.0,5.0,298.0,1,430558.0
2,671.0,2.0,1308.0,1900,1950,2.0,ClearCr,3442.0,517.0,8.0,666.0,2,230194.0
3,1083.0,1.0,1222.0,1894,1950,2.0,Timber,16019.0,511.0,7.0,266.0,1,194442.0
9,2165.0,2.0,1436.0,1907,1950,1.0,Timber,8087.0,1522.0,7.0,501.0,1,374622.0
3,1666.0,2.0,1369.0,1993,1999,1.0,NPkVill,24489.0,1043.0,5.0,542.0,0,325968.0
8,510.0,2.0,1315.0,1876,1950,2.0,OldTown,18685.0,412.0,7.0,467.0,0,386170.0
5,2060.0,3.0,1014.0,1924,1950,2.0,OldTown,6956.0,1654.0,4.0,898.0,0,412972.0
3,1230.0,1.0,1164.0,1888,1950,1.0,Blmngtn,12848.0,761.0,6.0,265.0,1,246797.0
4,2256.0,1.0,1523.0,1893,1950,1.0,NoRidge,6654.0,1647.0,2.0,253.0,1,227140.0
6,1469.0,1.0,771.0,1999,2010,2.0,MeadowV,8967.0,811.0,4.0,300.0,0,293129.0
8,1622.0,2.0,782.0,1872,1950,1.0,IDOTRR,12556.0,1154.0,6.0,469.0,1,359039.0
7,2134.0,2.0,1136.0,1916,1950,2.0,Edwards,15623.0,1038.0,10.0,622.0,1,396338.0
10,1044.0,1.0,1239.0,1999,2001,2.0,IDOTRR,14011.0,674.0,4.0,261.0,0,451861.0
9,994.0,0.0,696.0,1956,1995,1.0,Blueste,9297.0,529.0,5.0,0.0,0,306217.0
8,1412.0,1.0,1024.0,1881,1950,2.0,OldTown,30999.0,1197.0,7.0,264.0,1,460452.0
7,1949.0,2.0,1016.0,1936,1950,2.0,Edwards,7461.0,1267.0,9.0,611.0,1,359250.0
3,816.0,2.0,87.0,2006,2010,2.0,NWAmes,4009.0,584.0,7.0,574.0,0,148210.0
5,639.0,3.0,961.0,1927,1950,2.0,BrkSide,4415.0,391.0,8.0,929.0,0,353872.0
2,1947.0,3.0,988.0,1945,1969,0.0,NoRidge,18714.0,1129.0,6.0,853.0,0,249836.0
4,1198.0,2.0,987.0,1945,1980,2.0,Edwards,8619.0,648.0,6.0,427.0,1,280273.0
10,1309.0,3.0,1677.0,1963,1966,2.0,Blmngtn,9697.0,1126.0,7.0,961.0,0,496496.0
5,540.0,2.0,524.0,1898,1950,1.0,Edwards,6828.0,437.0,5.0,553.0,0,236126.0
2,1159.0,3.0,696.0,1988,2008,1.0,Gilbert,7141.0,591.0,8.0,935.0,0,291714.0
7,1511.0,3.0,0.0,2009,2010,2.0,Blueste,6042.0,1188.0,4.0,923.0,1,329068.0
10,2003.0,2.0,846.0,1891,1950,2.0,SawyerW,11334.0,1279.0,8.0,498.0,0,293760.0
9,1110.0,2.0,884.0,1985,2000,1.0,Timber,8530.0,507.0,7.0,487.0,0,298764.0
3,2385.0,2.0,834.0,1985,2009,2.0,Mitchel,11131.0,1640.0,6.0,612.0,1,340851.0
5,1156.0,2.0,1542.0,1975,2010,1.0,NridgHt,10612.0,588.0,4.0,536.0,0,368880.0
6,1156.0,2.0,1434.0,1923,1950,1.0,Crawfor,7238.0,629.0,5.0,635.0,0,296112.0
3,2322.0,2.0,1091.0,1937,1972,0.0,MeadowV,4318.0,1772.0,8.0,546.0,1,291150.0
3,1626.0,1.0,895.0,1988,2010,1.0,NAmes,4134.0,920.0,6.0,321.0,1,298304.0
3,1225.0,2.0,1506.0,1893,1950,2.0,Veenker,40673.0,1043.0,7.0,594.0,0,238460.0
10,1434.0,0.0,1048.0,1987,1996,3.0,Somerst,18753.0,1069.0,5.0,0.0,0,301062.0
8,2225.0,3.0,699.0,1999,2010,2.0,NPkVill,17502.0,1835.0,6.0,795.0,0,386170.0
9,2285.0,2.0,305.0,1966,1974,1.0,Blueste,6391.0,1661.0,4.0,579.0,1,561135.0
9,1086.0,2.0,864.0,1919,1950,1.0,Blmngtn,8998.0,913.0,7.0,655.0,0,428185.0
10,1493.0,3.0,1388.0,1949,1958,2.0,StoneBr,5957.0,915.0,7.0,833.0,0,397011.0
2,1562.0,2.0,2054.0,1878,1950,1.0,NPkVill,4647.0,1089.0,7.0,602.0,0,290322.0
9,997.0,3.0,1084.0,2001,2010,1.0,Veenker,6672.0,680.0,5.0,846.0,1,348040.0
1,1486.0,1.0,722.0,1919,1950,2.0,NoRidge,17380.0,1273.0,6.0,285.0,1,184829.0
5,1518.0,4.0,538.0,1879,1950,1.0,NPkVill,13635.0,796.0,7.0,1396.0,0,353612.0
6,2114.0,3.0,1299.0,1982,2010,1.0,NWAmes,5514.0,1501.0,6.0,984.0,0,299450.0
4,2149.0,2.0,284.0,1963,2000,2.0,BrDale,7651.0,1697.0,6.0,566.0,1,339885.0
2,1342.0,3.0,1298.0,1958,1958,2.0,Blmngtn,13024.0,827.0,10.0,866.0,0,326773.0
2,1403.0,1.0,1415.0,1879,1950,1.0,NoRidge,6731.0,1179.0,5.0,252.0,1,195943.0
9,1864.0,2.0,1248.0,1976,1984,2.0,Edwards,9319.0,1152.0,8.0,546.0,1,450666.0
4,1208.0,3.0,961.0,1960,1996,2.0,Gilbert,10948.0,638.0,5.0,877.0,1,346986.0
4,1824.0,0.0,1304.0,1982,2010,3.0,Somerst,10889.0,1300.0,8.0,0.0,0,262246.0
10,1469.0,2.0,1132.0,1986,1998,2.0,IDOTRR,10169.0,939.0,8.0,620.0,1,391822.0
2,1006.0,2.0,716.0,1901,1950,2.0,Mitchel,6458.0,460.0,6.0,471.0,0,167148.0
10,1013.0,3.0,1867.0,1901,1950,2.0,BrDale,6799.0,488.0,5.0,957.0,3,423598.0
10,2275.0,1.0,903.0,2000,2010,1.0,Sawyer,5081.0,1224.0,3.0,276.0,0,428059.0
6,1433.0,3.0,1397.0,1945,1963,1.0,Somerst,4102.0,1141.0,6.0,722.0,0,238317.0
2,2376.0,1.0,0.0,1932,1950,2.0,NoRidge,8456.0,2023.0,7.0,333.0,0,245899.0
2,1245.0,1.0,1616.0,1911,1950,2.0,Edwards,13469.0,866.0,5.0,339.0,0,241196.0
3,1668.0,1.0,1700.0,1960,1973,2.0,NPkVill,4491.0,830.0,7.0,291.0,0,285819.0
6,2771.0,1.0,1070.0,1976,2008,2.0,OldTown,10265.0,1913.0,4.0,308.0,0,425273.0
2,960.0,2.0,1302.0,1872,1950,1.0,Crawfor,13257.0,802.0,6.0,621.0,0,212738.0
5,519.0,1.0,1302.0,1948,1978,2.0,Blmngtn,3575.0,409.0,5.0,336.0,1,282264.0
2,2190.0,2.0,775.0,2010,2010,2.0,IDOTRR,7822.0,1272.0,6.0,618.0,0,351416.0
6,1081.0,1.0,1297.0,1911,1950,1.0,BrDale,20396.0,547.0,6.0,227.0,1,318410.0
1,1504.0,1.0,703.0,1911,1950,1.0,Mitchel,11801.0,1286.0,5.0,360.0,0,177478.0
8,1207.0,1.0,790.0,1994,2010,1.0,ClearCr,3515.0,1007.0,5.0,323.0,1,328368.0
1,1656.0,2.0,1551.0,1880,1950,1.0,SWISU,12446.0,785.0,5.0,519.0,1,163782.0
2,1016.0,2.0,1484.0,1927,1961,2.0,Crawfor,6162.0,834.0,4.0,478.0,0,220384.0
2,1421.0,2.0,748.0,1935,1950,2.0,OldTown,12653.0,702.0,8.0,600.0,1,271202.0
9,1751.0,2.0,736.0,1982,1996,2.0,Blueste,6342.0,838.0,6.0,538.0,1,452770.0
1,986.0,3.0,774.0,1889,1950,1.0,CollgCr,8721.0,780.0,3.0,880.0,2,182464.0
5,1147.0,2.0,1378.0,1932,1953,1.0,NWAmes,6845.0,793.0,6.0,619.0,2,237145.0
6,1333.0,1.0,619.0,1893,1950,2.0,StoneBr,8969.0,849.0,8.0,257.0,2,274683.0
6,765.0,2.0,1213.0,1981,2001,1.0,MeadowV,6744.0,655.0,5.0,471.0,0,328663.0
7,1293.0,2.0,1384.0,1959,1993,3.0,IDOTRR,8008.0,1070.0,9.0,591.0,0,420702.0
9,1577.0,1.0,1018.0,1941,1950,3.0,Mitchel,4975.0,751.0,5.0,259.0,1,331462.0
4,1305.0,1.0,1499.0,1926,1955,3.0,Mitchel,11445.0,949.0,7.0,286.0,1,267474.0
9,1373.0,1.0,924.0,1893,1950,1.0,Blueste,9776.0,1095.0,8.0,226.0,0,350051.0
4,1505.0,2.0,963.0,2000,2010,2.0,NWAmes,3991.0,1050.0,7.0,540.0,0,185480.0
10,1171.0,1.0,629.0,1962,1973,2.0,Veenker,14713.0,1045.0,4.0,309.0,1,297090.0
6,1878.0,2.0,1503.0,1916,1950,2.0,CollgCr,8200.0,1425.0,5.0,608.0,1,345605.0
8,2269.0,1.0,721.0,1929,1950,1.0,StoneBr,9710.0,1127.0,8.0,248.0,1,371808.0
9,1271.0,1.0,1210.0,1972,1993,2.0,SWISU,13125.0,685.0,5.0,233.0,0,257635.0
8,1770.0,2.0,1026.0,1972,1988,2.0,StoneBr,10553.0,1455.0,8.0,561.0,1,353012.0
9,1389.0,2.0,596.0,1936,1967,2.0,Mitchel,16036.0,1248.0,6.0,605.0,0,262378.0
6,1707.0,1.0,790.0,1914,1950,1.0,SWISU,7734.0,844.0,7.0,296.0,1,251666.0
1,2337.0,1.0,1663.0,1963,1972,2.0,BrkSide,15021.0,1157.0,4.0,260.0,0,327392.0
5,1782.0,1.0,1145.0,1963,1994,1.0,Timber,9523.0,1414.0,6.0,292.0,1,280660.0
2,584.0,1.0,615.0,1955,1964,2.0,NPkVill,11543.0,334.0,5.0,340.0,0,199640.0
9,1753.0,2.0,1191.0,1882,1950,2.0,StoneBr,10958.0,843.0,7.0,576.0,0,411671.0
3,2162.0,1.0,993.0,1937,1950,2.0,ClearCr,16653.0,1838.0,7.0,215.0,2,373680.0
3,1399.0,3.0,2570.0,1957,1970,2.0,Blueste,12845.0,1133.0,7.0,864.0,1,324054.0
3,2038.0,2.0,1182.0,2004,2010,2.0,Gilbert,7176.0,1726.0,6.0,724.0,1,429834.0
7,1153.0,1.0,890.0,1945,1962,1.0,Timber,6499.0,856.0,5.0,229.0,2,275869.0
6,735.0,2.0,1679.0,1919,1950,1.0,StoneBr,8735.0,437.0,7.0,562.0,1,264654.0
10,1589.0,2.0,251.0,1949,1953,2.0,SWISU,6124.0,1363.0,5.0,542.0,0,268842.0
5,593.0,3.0,1098.0,1896,1950,1.0,Edwards,5292.0,347.0,8.0,852.0,2,250781.0
3,1389.0,1.0,1931.0,1884,1950,1.0,MeadowV,3090.0,797.0,6.0,288.0,0,224645.0
1,2191.0,2.0,1006.0,1966,1995,1.0,Somerst,4127.0,1860.0,6.0,651.0,1,222429.0
1,512.0,2.0,298.0,2009,2010,2.0,Mitchel,24166.0,387.0,7.0,567.0,0,156173.0
4,843.0,3.0,884.0,1989,2010,2.0,SWISU,6449.0,719.0,6.0,993.0,1,209017.0
10,973.0,3.0,1694.0,1953,1957,0.0,NridgHt,23196.0,506.0,4.0,826.0,0,414017.0
6,1482.0,2.0,1222.0,1877,1950,1.0,Edwards,10955.0,1302.0,5.0,532.0,0,335927.0
9,1323.0,2.0,690.0,2009,2010,2.0,StoneBr,8735.0,960.0,8.0,506.0,1,303324.0
2,2250.0,2.0,757.0,1934,1951,1.0,Sawyer,4229.0,1689.0,7.0,415.0,2,293374.0
1,2016.0,2.0,812.0,1912,1950,1.0,BrDale,8976.0,1736.0,4.0,582.0,3,290533.0
9,1775.0,3.0,1215.0,1996,2010,2.0,NPkVill,23065.0,1103.0,7.0,1086.0,0,444309.0
2,1591.0,2.0,1643.0,1975,1987,2.0,NWAmes,19513.0,1231.0,6.0,597.0,3,231634.0
1,1721.0,1.0,1518.0,1976,1984,2.0,ClearCr,10271.0,1270.0,5.0,307.0,0,250399.0
5,1062.0,1.0,1257.0,1910,1950,0.0,Gilbert,5043.0,854.0,5.0,263.0,0,298819.0
10,1965.0,1.0,474.0,2009,2010,3.0,Blmngtn,5549.0,1677.0,8.0,270.0,2,567618.0
7,931.0,2.0,475.0,1934,1967,2.0,NridgHt,5847.0,704.0,3.0,639.0,0,328572.0
1,1954.0,1.0,1291.0,1945,1977,3.0,NPkVill,16968.0,939.0,5.0,360.0,1,261244.0
9,2138.0,3.0,468.0,1976,1978,1.0,MeadowV,20249.0,1138.0,7.0,1019.0,0,449577.0
9,1626.0,1.0,958.0,1963,1976,1.0,Sawyer,9877.0,1430.0,9.0,312.0,1,485886.0
9,1422.0,2.0,1190.0,1895,1950,2.0,BrDale,7696.0,1260.0,7.0,563.0,1,502462.0
10,1725.0,3.0,559.0,1914,1950,1.0,NoRidge,19426.0,1527.0,5.0,865.0,0,332974.0
3,334.0,0.0,608.0,1922,1950,2.0,StoneBr,5490.0,334.0,9.0,0.0,0,147636.0
10,1674.0,3.0,1016.0,2003,2008,2.0,SawyerW,9190.0,1041.0,4.0,666.0,0,404907.0
4,1455.0,1.0,1278.0,1971,1981,2.0,Gilbert,11288.0,1152.0,7.0,235.0,1,401872.0
9,1488.0,2.0,1522.0,1922,1960,1.0,SWISU,5817.0,1174.0,7.0,564.0,0,270167.0
6,1886.0,2.0,1323.0,1974,1980,2.0,CollgCr,6516.0,922.0,5.0,537.0,0,354838.0
8,1476.0,2.0,1089.0,1974,2010,1.0,NWAmes,6267.0,1069.0,8.0,442.0,1,257335.0
7,916.0,2.0,730.0,1926,1953,1.0,Edwards,18185.0,471.0,6.0,557.0,0,311943.0
7,1441.0,3.0,588.0,1928,1964,2.0,NAmes,23323.0,968.0,8.0,802.0,0,287007.0
7,1550.0,2.0,833.0,1996,2010,2.0,NAmes,9484.0,865.0,4.0,466.0,0,342645.0
8,1575.0,3.0,1237.0,1950,1963,2.0,OldTown,7831.0,746.0,7.0,796.0,0,428056.0
8,1600.0,2.0,1204.0,1892,1950,1.0,Blmngtn,6635.0,778.0,6.0,534.0,0,383467.0
2,2061.0,3.0,137.0,1972,1978,0.0,MeadowV,8963.0,1772.0,8.0,766.0,1,251096.0
9,945.0,2.0,713.0,1953,1964,1.0,Blueste,6801.0,742.0,6.0,634.0,0,344318.0
6,1607.0,0.0,1585.0,1942,1950,1.0,OldTown,8531.0,1397.0,8.0,0.0,1,378340.0
4,2192.0,4.0,1092.0,1972,1977,1.0,Blueste,11011.0,1450.0,7.0,802.0,0,383388.0
6,604.0,1.0,436.0,1998,2001,1.0,Timber,7313.0,384.0,6.0,280.0,0,231469.0
10,1609.0,3.0,2089.0,1917,1950,2.0,MeadowV,8145.0,984.0,8.0,852.0,0,469155.0
9,1208.0,2.0,1044.0,1930,1950,1.0,Veenker,8162.0,879.0,8.0,592.0,0,299744.0
9,1320.0,3.0,1225.0,1898,1950,1.0,NridgHt,7640.0,803.0,7.0,775.0,1,445962.0
5,1040.0,1.0,1232.0,1961,1963,2.0,ClearCr,7182.0,817.0,3.0,243.0,2,281848.0
8,1426.0,2.0,896.0,1927,1950,1.0,StoneBr,13110.0,1156.0,5.0,559.0,1,393262.0
4,2482.0,2.0,738.0,1919,1958,2.0,Mitchel,3695.0,2095.0,9.0,525.0,0,332456.0
7,851.0,3.0,1986.0,1968,1971,2.0,Crawfor,19676.0,476.0,4.0,1026.0,1,338493.0
7,901.0,2.0,1496.0,1928,1950,2.0,Gilbert,9583.0,619.0,8.0,534.0,2,376979.0
3,831.0,2.0,1417.0,1936,1950,2.0,Somerst,12149.0,458.0,8.0,556.0,0,184437.0
3,2422.0,0.0,1309.0,1933,1950,2.0,Blmngtn,12869.0,1131.0,5.0,0.0,1,367799.0
1,1272.0,2.0,618.0,1907,1950,2.0,ClearCr,6285.0,978.0,3.0,544.0,0,241739.0
2,1502.0,2.0,1617.0,1889,1950,2.0,Timber,5669.0,1047.0,6.0,604.0,0,205981.0
5,1304.0,2.0,688.0,1986,2010,2.0,SWISU,5345.0,1012.0,10.0,612.0,0,230898.0
5,1019.0,2.0,1181.0,1884,1950,1.0,Mitchel,7915.0,499.0,5.0,619.0,1,185321.0
2,1392.0,1.0,339.0,1917,1950,1.0,NridgHt,12703.0,1250.0,5.0,292.0,0,220620.0
5,2806.0,2.0,163.0,1964,1994,2.0,Blmngtn,6688.0,2518.0,5.0,576.0,2,487910.0
7,2246.0,3.0,1196.0,1890,1950,1.0,Blueste,12136.0,1481.0,8.0,852.0,1,369016.0
3,1067.0,0.0,703.0,1963,1988,2.0,Gilbert,2741.0,896.0,6.0,0.0,0,223580.0
4,1855.0,2.0,186.0,1973,1989,2.0,BrDale,7385.0,1038.0,5.0,586.0,1,323398.0
4,1078.0,2.0,1294.0,1964,1999,2.0,BrkSide,16052.0,843.0,9.0,722.0,1,377313.0
6,582.0,1.0,1986.0,1914,1950,2.0,SWISU,8222.0,492.0,7.0,328.0,2,213464.0
4,2050.0,2.0,1666.0,1874,1950,1.0,OldTown,5916.0,1674.0,5.0,584.0,0,292793.0
8,2124.0,3.0,944.0,1995,2010,2.0,BrkSide,6448.0,1732.0,5.0,943.0,3,421030.0
4,2064.0,3.0,1061.0,1917,1950,2.0,Edwards,1970.0,1359.0,8.0,736.0,0,347119.0
5,1268.0,2.0,1446.0,1983,2010,1.0,BrDale,5400.0,1038.0,7.0,539.0,0,297154.0
4,1427.0,2.0,1548.0,1899,1950,1.0,SawyerW,15193.0,1086.0,4.0,636.0,0,258877.0
2,1909.0,2.0,907.0,1894,1950,2.0,NridgHt,6692.0,973.0,4.0,679.0,1,283494.0
7,1721.0,2.0,1072.0,1980,1997,2.0,SWISU,7099.0,863.0,5.0,498.0,0,248289.0
3,1308.0,1.0,1189.0,2002,2010,2.0,Blmngtn,2791.0,1043.0,5.0,261.0,1,356303.0
3,665.0,1.0,1300.0,1991,2004,1.0,NWAmes,3962.0,486.0,3.0,367.0,1,173712.0
8,1575.0,2.0,999.0,1976,1982,1.0,SWISU,16237.0,1077.0,5.0,568.0,0,291277.0
10,2081.0,2.0,1004.0,1906,1950,2.0,SWISU,12193.0,1786.0,5.0,706.0,0,330147.0
7,886.0,1.0,1661.0,1998,2000,2.0,Crawfor,4681.0,662.0,6.0,288.0,2,330886.0
10,1850.0,1.0,1587.0,1964,1970,1.0,BrDale,6534.0,1162.0,9.0,290.0,0,444806.0
9,1689.0,2.0,1266.0,1895,1950,2.0,Edwards,8826.0,1075.0,6.0,536.0,1,391466.0
5,1909.0,1.0,1810.0,1889,1950,2.0,Veenker,4924.0,1379.0,6.0,318.0,1,304678.0
8,1973.0,2.0,888.0,1993,2010,1.0,Mitchel,3288.0,1563.0,7.0,669.0,2,329510.0
4,1150.0,3.0,1768.0,1910,1950,1.0,CollgCr,8270.0,810.0,6.0,716.0,1,303002.0
5,666.0,1.0,1295.0,1978,1994,2.0,Blueste,11924.0,452.0,7.0,266.0,2,275052.0
6,1235.0,2.0,2490.0,1891,1950,2.0,MeadowV,12039.0,960.0,7.0,633.0,1,350862.0
10,1982.0,2.0,535.0,1910,1950,1.0,BrDale,13872.0,1521.0,7.0,550.0,3,432799.0
9,1230.0,2.0,755.0,1911,1950,1.0,Edwards,4118.0,1013.0,11.0,521.0,1,355840.0
5,1151.0,3.0,1240.0,1911,1950,1.0,ClearCr,9218.0,550.0,8.0,961.0,0,385640.0
7,559.0,1.0,1231.0,1965,1998,2.0,SWISU,7830.0,441.0,5.0,324.0,1,199741.0
3,2435.0,2.0,1911.0,1999,2010,2.0,NPkVill,8573.0,1659.0,7.0,524.0,0,419045.0
9,1948.0,3.0,764.0,1998,2010,1.0,SawyerW,8055.0,942.0,5.0,865.0,0,352026.0
6,1919.0,2.0,1453.0,1975,2010,2.0,Blmngtn,6437.0,1450.0,7.0,463.0,2,432927.0
6,2023.0,2.0,1566.0,1900,1950,1.0,SWISU,1981.0,1563.0,4.0,488.0,0,247794.0
8,1818.0,2.0,1366.0,2005,2010,1.0,NridgHt,16009.0,1246.0,5.0,570.0,1,383852.0
7,1387.0,2.0,636.0,1947,1981,1.0,Gilbert,10562.0,1120.0,7.0,563.0,3,381155.0
1,1429.0,2.0,1674.0,1947,1982,1.0,NPkVill,4264.0,836.0,8.0,483.0,2,313894.0
3,1291.0,2.0,1595.0,1969,1972,2.0,StoneBr,11345.0,698.0,7.0,503.0,1,302031.0
2,2898.0,1.0,1320.0,1978,2010,2.0,OldTown,7161.0,1761.0,8.0,237.0,2,395172.0
8,1807.0,3.0,1147.0,2004,2010,2.0,Edwards,7263.0,1147.0,7.0,895.0,0,427219.0
1,1272.0,3.0,1156.0,1952,1960,2.0,BrDale,6098.0,971.0,7.0,604.0,0,252338.0
3,1759.0,2.0,1023.0,1956,1968,3.0,Somerst,11713.0,1461.0,6.0,479.0,0,212028.0
6,984.0,1.0,1338.0,1975,2005,1.0,Gilbert,6003.0,762.0,8.0,205.0,1,325682.0
7,2305.0,2.0,1071.0,1907,1950,1.0,NoRidge,5175.0,1218.0,8.0,594.0,1,262393.0
6,1168.0,2.0,685.0,1914,1950,1.0,Veenker,15770.0,718.0,6.0,416.0,2,236510.0
9,1778.0,1.0,598.0,1958,1985,1.0,NWAmes,8189.0,927.0,6.0,281.0,3,307138.0
10,2075.0,1.0,728.0,1880,1950,1.0,StoneBr,8319.0,1575.0,9.0,346.0,0,370534.0
2,1717.0,1.0,1154.0,1916,1952,2.0,SWISU,12660.0,964.0,6.0,347.0,0,176453.0
10,1565.0,2.0,1045.0,1971,1975,2.0,NoRidge,6414.0,1074.0,7.0,416.0,0,317464.0
7,1521.0,2.0,1151.0,2007,2010,2.0,SWISU,7086.0,1226.0,7.0,584.0,2,299612.0
7,1485.0,1.0,1276.0,1944,1983,2.0,Gilbert,10434.0,1117.0,6.0,240.0,1,370536.0
1,1212.0,2.0,782.0,1927,1950,3.0,NoRidge,4144.0,708.0,5.0,465.0,1,178211.0
7,1279.0,2.0,1699.0,1933,1950,1.0,NAmes,10002.0,767.0,7.0,551.0,0,363487.0
8,2292.0,2.0,940.0,1967,1978,1.0,ClearCr,6137.0,1705.0,6.0,658.0,1,454149.0
6,1458.0,1.0,867.0,1947,1960,2.0,MeadowV,13735.0,1017.0,9.0,304.0,1,330189.0
1,1102.0,1.0,1268.0,1875,1950,1.0,MeadowV,11770.0,544.0,8.0,251.0,1,195248.0
6,1244.0,1.0,253.0,1946,1957,1.0,NAmes,11018.0,1049.0,6.0,308.0,0,319391.0
10,2093.0,1.0,711.0,1927,1951,2.0,NPkVill,4010.0,1425.0,8.0,190.0,0,483018.0
8,1870.0,2.0,1487.0,1969,1986,2.0,Mitchel,8504.0,1240.0,7.0,500.0,0,407470.0
2,1809.0,2.0,296.0,1993,2010,1.0,OldTown,4971.0,976.0,9.0,494.0,0,296879.0
10,1380.0,2.0,1546.0,2005,2010,1.0,IDOTRR,8792.0,855.0,6.0,566.0,0,381611.0
10,1816.0,1.0,1719.0,1956,1980,2.0,Timber,2814.0,1089.0,7.0,272.0,3,417492.0
2,1177.0,2.0,895.0,1922,1958,2.0,Mitchel,4145.0,673.0,6.0,549.0,1,207405.0
9,1379.0,4.0,1185.0,1933,1950,2.0,ClearCr,16228.0,973.0,7.0,1092.0,0,442310.0
5,2024.0,1.0,1547.0,1896,1950,1.0,IDOTRR,10770.0,1332.0,5.0,281.0,0,345054.0
6,1974.0,1.0,853.0,2002,2010,1.0,Gilbert,7503.0,1678.0,7.0,302.0,2,341784.0
5,999.0,4.0,1437.0,1989,2010,1.0,NoRidge,5685.0,873.0,7.0,1144.0,2,215565.0
8,1066.0,2.0,763.0,1990,2010,2.0,NridgHt,5208.0,585.0,9.0,537.0,1,428286.0
10,1572.0,1.0,848.0,1917,1950,2.0,OldTown,9898.0,778.0,6.0,296.0,0,398969.0
8,2421.0,2.0,707.0,1916,1950,1.0,NridgHt,7542.0,1945.0,6.0,626.0,1,466039.0
10,509.0,1.0,1207.0,1991,2010,0.0,NPkVill,19406.0,457.0,8.0,258.0,1,341760.0
10,1661.0,2.0,1564.0,1947,1950,2.0,Timber,8165.0,1393.0,5.0,555.0,1,349776.0
1,793.0,2.0,976.0,1969,1999,1.0,Sawyer,9222.0,365.0,8.0,653.0,2,234992.0
3,1182.0,1.0,500.0,1940,1957,2.0,SawyerW,4473.0,666.0,8.0,236.0,0,209824.0
8,1324.0,3.0,583.0,1933,1950,1.0,Veenker,7477.0,622.0,9.0,1057.0,0,313713.0
6,1294.0,2.0,1230.0,1959,1975,1.0,StoneBr,9784.0,1060.0,7.0,453.0,1,312593.0
1,1235.0,2.0,1865.0,1985,2002,2.0,MeadowV,7432.0,879.0,6.0,532.0,0,250179.0
1,1519.0,2.0,1229.0,1918,1950,3.0,NoRidge,7025.0,1035.0,7.0,484.0,1,188985.0
6,1234.0,1.0,888.0,1984,2010,2.0,Blueste,10546.0,863.0,7.0,368.0,0,297250.0
7,747.0,2.0,1393.0,1905,1950,2.0,StoneBr,19099.0,421.0,6.0,520.0,1,330436.0
2,1924.0,3.0,952.0,1927,1950,2.0,Mitchel,9629.0,1387.0,9.0,780.0,1,297268.0
2,1910.0,2.0,891.0,1998,2010,1.0,NridgHt,15869.0,886.0,7.0,530.0,0,273780.0
2,1958.0,3.0,637.0,2004,2010,1.0,CollgCr,12220.0,1450.0,5.0,851.0,1,241219.0
6,706.0,2.0,1674.0,2000,2010,0.0,MeadowV,15401.0,551.0,10.0,534.0,1,301712.0
1,1672.0,2.0,0.0,1915,1950,3.0,Blmngtn,6602.0,1259.0,7.0,549.0,0,265057.0
6,1870.0,2.0,1406.0,1989,1998,2.0,StoneBr,8075.0,1121.0,5.0,278.0,0,346424.0
5,974.0,2.0,854.0,2002,2010,2.0,Crawfor,8092.0,800.0,5.0,565.0,0,302387.0
5,1520.0,1.0,877.0,2007,2010,2.0,Edwards,11768.0,1173.0,9.0,281.0,0,330106.0
7,1454.0,2.0,1798.0,1874,1950,1.0,StoneBr,13309.0,738.0,9.0,643.0,1,330752.0
6,2482.0,2.0,744.0,1975,1996,1.0,Gilbert,9533.0,1335.0,8.0,665.0,0,543628.0
8,2525.0,1.0,759.0,2010,2010,3.0,NoRidge,13882.0,1860.0,9.0,272.0,1,336334.0
8,641.0,2.0,1000.0,1978,2008,2.0,Sawyer,6757.0,372.0,8.0,625.0,0,399917.0
10,2824.0,2.0,1238.0,1904,1950,1.0,Veenker,13942.0,1423.0,7.0,472.0,2,459019.0
8,1035.0,2.0,863.0,1978,1996,1.0,Blmngtn,14882.0,538.0,7.0,621.0,0,395499.0
6,2030.0,2.0,368.0,1886,1950,2.0,Gilbert,12566.0,1065.0,7.0,514.0,0,318856.0
5,2025.0,2.0,678.0,1938,1957,2.0,NWAmes,9577.0,1347.0,8.0,465.0,1,254869.0
3,992.0,1.0,1618.0,1959,1962,1.0,Blmngtn,12793.0,718.0,5.0,273.0,2,270684.0
6,1774.0,3.0,1090.0,1935,1959,1.0,NAmes,5727.0,939.0,8.0,1008.0,1,378436.0
2,1459.0,2.0,1255.0,1969,1997,1.0,Crawfor,9889.0,1124.0,9.0,574.0,0,244245.0
10,1806.0,2.0,942.0,1905,1950,1.0,Edwards,10407.0,1041.0,6.0,680.0,0,437848.0
9,1636.0,2.0,768.0,1956,1993,2.0,Mitchel,4607.0,966.0,6.0,500.0,1,365721.0
2,2143.0,1.0,1792.0,1961,1980,1.0,NAmes,11354.0,1180.0,7.0,322.0,1,360273.0
8,1555.0,3.0,975.0,1960,1998,2.0,Edwards,4796.0,1249.0,5.0,762.0,0,377776.0
2,1427.0,3.0,863.0,1912,1950,2.0,Mitchel,7230.0,1258.0,4.0,867.0,0,196895.0
8,2090.0,2.0,1537.0,1914,1950,2.0,CollgCr,9135.0,1404.0,8.0,577.0,1,384430.0
1,1820.0,2.0,741.0,1907,1950,1.0,MeadowV,6214.0,853.0,6.0,613.0,1,271666.0
5,1899.0,2.0,797.0,1936,1975,3.0,Timber,9333.0,1077.0,7.0,580.0,1,307577.0
7,1166.0,2.0,1061.0,1953,1982,1.0,BrkSide,9258.0,608.0,6.0,501.0,0,382312.0
8,966.0,2.0,1057.0,1922,1950,1.0,BrkSide,5943.0,801.0,9.0,630.0,1,372450.0
5,1217.0,2.0,1171.0,1928,1950,1.0,BrDale,11896.0,594.0,8.0,699.0,0,293742.0
10,1189.0,1.0,1973.0,1911,1950,1.0,Veenker,6111.0,1052.0,6.0,257.0,0,346460.0
8,1928.0,2.0,1204.0,1902,1950,1.0,CollgCr,28113.0,1378.0,5.0,413.0,1,340501.0
3,2027.0,2.0,15.0,1963,1989,2.0,SWISU,8478.0,1384.0,6.0,600.0,0,211946.0
7,1434.0,2.0,1200.0,1985,2004,1.0,BrkSide,4986.0,1192.0,7.0,534.0,0,422918.0
8,2266.0,1.0,1074.0,1912,1950,2.0,MeadowV,5474.0,1048.0,7.0,275.0,0,399846.0
4,2233.0,2.0,1076.0,1991,2010,1.0,MeadowV,15895.0,1786.0,7.0,604.0,1,369323.0
8,1643.0,1.0,1165.0,1951,1964,1.0,SWISU,7299.0,826.0,7.0,262.0,1,238957.0
9,1084.0,1.0,1044.0,1895,1950,2.0,StoneBr,4528.0,898.0,8.0,269.0,2,305401.0
9,2342.0,1.0,1034.0,1922,1950,3.0,Gilbert,13723.0,1612.0,6.0,276.0,1,498101.0
8,1483.0,1.0,1326.0,1873,1950,1.0,Veenker,7275.0,708.0,7.0,339.0,1,289993.0
7,1581.0,3.0,820.0,1877,1950,1.0,SWISU,12416.0,1304.0,5.0,844.0,0,228047.0
3,1337.0,1.0,642.0,1918,1956,1.0,NridgHt,14297.0,618.0,11.0,231.0,0,262509.0
8,1048.0,1.0,2381.0,1935,1955,1.0,Gilbert,10273.0,537.0,6.0,232.0,0,442094.0
4,744.0,3.0,743.0,1982,2000,1.0,Crawfor,29672.0,602.0,7.0,857.0,2,297242.0
6,1847.0,1.0,1101.0,1890,1950,2.0,NWAmes,3781.0,1218.0,7.0,235.0,0,275603.0
4,1104.0,2.0,402.0,1988,1995,1.0,StoneBr,5949.0,935.0,6.0,435.0,1,221836.0
4,3121.0,1.0,1108.0,1904,1950,3.0,Mitchel,7880.0,2297.0,7.0,305.0,0,296974.0
2,945.0,2.0,648.0,1891,1950,2.0,Somerst,27739.0,690.0,6.0,615.0,1,148620.0
10,855.0,2.0,863.0,1969,1974,1.0,SawyerW,22004.0,497.0,5.0,531.0,0,324183.0
2,1783.0,2.0,1515.0,1979,1982,1.0,BrDale,17058.0,910.0,7.0,583.0,0,300140.0
1,2318.0,2.0,1264.0,1956,1979,1.0,BrDale,6021.0,2046.0,4.0,575.0,0,292397.0
10,1549.0,2.0,1306.0,1888,1950,2.0,Sawyer,6382.0,770.0,9.0,608.0,1,421683.0
6,1815.0,1.0,281.0,1888,1950,1.0,MeadowV,5918.0,1249.0,8.0,304.0,1,317405.0
5,547.0,1.0,1862.0,1926,1950,1.0,OldTown,6053.0,334.0,8.0,176.0,2,257748.0
8,1159.0,3.0,535.0,1934,1950,1.0,Blueste,18889.0,659.0,4.0,811.0,3,440168.0
4,951.0,2.0,1727.0,2010,2010,2.0,MeadowV,7928.0,682.0,5.0,601.0,0,291854.0
2,520.0,1.0,1504.0,1911,1950,2.0,CollgCr,8470.0,421.0,9.0,264.0,2,204733.0
8,1576.0,2.0,1310.0,1898,1950,2.0,SWISU,13190.0,1260.0,13.0,563.0,0,260365.0
2,338.0,2.0,683.0,2003,2010,2.0,Crawfor,3898.0,334.0,8.0,620.0,0,209622.0
6,821.0,1.0,1123.0,1893,1950,2.0,NPkVill,9194.0,478.0,8.0,283.0,1,323831.0
10,1233.0,2.0,851.0,1875,1950,2.0,Gilbert,5175.0,813.0,7.0,681.0,0,458336.0
10,1079.0,1.0,1070.0,1930,1952,1.0,NPkVill,7729.0,490.0,5.0,325.0,0,399882.0
4,1723.0,1.0,948.0,1927,1966,1.0,Veenker,6679.0,1354.0,8.0,275.0,0,282605.0
8,1675.0,1.0,164.0,1958,1964,2.0,NridgHt,6509.0,982.0,5.0,272.0,1,316475.0
7,1984.0,1.0,1548.0,1994,1998,1.0,Mitchel,10025.0,1394.0,5.0,166.0,0,358402.0
5,1910.0,1.0,1021.0,2001,2010,2.0,StoneBr,10003.0,1005.0,4.0,267.0,0,320312.0
2,2114.0,2.0,845.0,1912,1950,2.0,NridgHt,8023.0,1731.0,8.0,452.0,1,283253.0
4,1514.0,1.0,812.0,2008,2010,2.0,Blueste,10779.0,1238.0,6.0,289.0,0,372216.0
7,1674.0,2.0,1214.0,1959,1975,2.0,Somerst,5800.0,1414.0,7.0,572.0,0,314575.0
10,1784.0,2.0,666.0,1881,1950,2.0,NridgHt,12592.0,840.0,6.0,616.0,2,342549.0
1,1589.0,2.0,69.0,2002,2009,2.0,Crawfor,8078.0,1425.0,5.0,672.0,0,241128.0
8,1306.0,2.0,1235.0,1891,1950,1.0,BrkSide,7032.0,733.0,5.0,558.0,2,415007.0
9,1340.0,1.0,1284.0,1953,1968,2.0,CollgCr,6019.0,790.0,6.0,371.0,3,354831.0
10,1086.0,2.0,970.0,1981,2006,1.0,NPkVill,7937.0,611.0,4.0,579.0,0,489468.0
5,1736.0,1.0,554.0,1906,1950,1.0,NridgHt,22818.0,990.0,6.0,228.0,0,339525.0
2,1466.0,2.0,1096.0,1909,1950,3.0,OldTown,8676.0,1024.0,5.0,515.0,0,289257.0
3,1167.0,1.0,416.0,1938,1950,2.0,Crawfor,5053.0,651.0,7.0,265.0,1,279735.0
9,1167.0,2.0,607.0,1994,2010,2.0,Blmngtn,14177.0,732.0,8.0,607.0,0,451131.0
9,880.0,2.0,728.0,1903,1950,1.0,NAmes,7073.0,656.0,4.0,484.0,1,330714.0
7,2029.0,3.0,1427.0,1964,1973,2.0,Crawfor,10320.0,1676.0,6.0,804.0,1,392141.0
2,1556.0,1.0,898.0,1934,1950,2.0,NPkVill,6615.0,1185.0,9.0,274.0,0,327560.0
2,1062.0,1.0,861.0,1887,1950,2.0,NPkVill,16990.0,762.0,5.0,262.0,0,219195.0
5,1939.0,2.0,1913.0,1970,2007,2.0,Somerst,6665.0,1001.0,7.0,625.0,0,256071.0
6,1221.0,3.0,1211.0,1987,2007,2.0,NoRidge,18014.0,998.0,7.0,917.0,0,267934.0
1,777.0,3.0,1205.0,1952,1958,2.0,BrDale,5300.0,363.0,8.0,980.0,0,237491.0
7,2051.0,2.0,895.0,1896,1950,2.0,StoneBr,7735.0,1167.0,7.0,534.0,1,346798.0
6,1233.0,3.0,796.0,1893,1950,2.0,StoneBr,18034.0,587.0,6.0,984.0,0,257938.0
1,1300.0,2.0,99.0,1930,1963,2.0,MeadowV,9741.0,975.0,7.0,451.0,0,226249.0
1,1537.0,3.0,1481.0,1942,1956,1.0,BrkSide,27882.0,946.0,7.0,673.0,0,288337.0
5,2115.0,1.0,1253.0,1948,1987,1.0,CollgCr,7828.0,1572.0,6.0,231.0,0,359390.0
8,1526.0,2.0,979.0,1905,1950,2.0,NoRidge,10183.0,925.0,4.0,561.0,0,285930.0
9,885.0,0.0,997.0,1941,1950,1.0,NoRidge,23215.0,580.0,8.0,0.0,1,287814.0
5,1801.0,1.0,1379.0,1913,1950,2.0,Veenker,4201.0,1182.0,8.0,256.0,2,299054.0
3,1260.0,2.0,376.0,1967,1978,1.0,Blmngtn,3949.0,593.0,5.0,522.0,0,298746.0
10,2506.0,1.0,799.0,1982,1995,1.0,NWAmes,6016.0,1613.0,6.0,271.0,0,347725.0
5,1514.0,2.0,559.0,1962,1972,1.0,Blmngtn,13449.0,1118.0,6.0,606.0,1,348857.0
4,342.0,2.0,1833.0,1872,1950,2.0,NAmes,4004.0,334.0,5.0,522.0,0,263561.0
5,1703.0,1.0,1441.0,2009,2010,1.0,Blueste,12071.0,824.0,4.0,259.0,1,428489.0
1,2536.0,1.0,92.0,1875,1950,2.0,Edwards,11653.0,1904.0,5.0,226.0,0,252185.0
4,2342.0,1.0,394.0,2010,2010,2.0,StoneBr,24519.0,1379.0,6.0,257.0,1,345177.0
6,2476.0,1.0,999.0,1876,1950,1.0,SWISU,15104.0,1130.0,4.0,327.0,0,244475.0
10,980.0,2.0,850.0,1943,1982,1.0,NoRidge,10743.0,510.0,7.0,567.0,0,298111.0
8,1994.0,2.0,477.0,1886,1950,2.0,Blueste,17669.0,1344.0,8.0,501.0,0,400012.0
8,1136.0,2.0,1909.0,1885,1950,0.0,IDOTRR,11725.0,670.0,8.0,659.0,2,306436.0
6,1633.0,3.0,1194.0,1966,1970,1.0,Edwards,7115.0,1245.0,6.0,770.0,0,355554.0
2,847.0,1.0,1265.0,1973,1994,1.0,NoRidge,5053.0,473.0,4.0,337.0,0,179443.0
4,1177.0,3.0,754.0,1888,1950,2.0,Sawyer,6737.0,939.0,8.0,1008.0,1,274560.0
10,1160.0,1.0,1373.0,2007,2010,1.0,NoRidge,8778.0,672.0,7.0,282.0,0,332908.0
1,1987.0,2.0,890.0,1916,1950,1.0,SawyerW,9774.0,1449.0,7.0,440.0,2,242387.0
9,1935.0,3.0,933.0,1916,1950,2.0,CollgCr,3079.0,1567.0,10.0,1115.0,1,375337.0
7,1660.0,3.0,1325.0,1913,1950,2.0,NoRidge,8024.0,1035.0,5.0,886.0,2,319318.0
3,806.0,1.0,343.0,1936,1973,2.0,OldTown,9084.0,380.0,2.0,267.0,0,227392.0
8,1351.0,2.0,1756.0,1896,1950,1.0,NWAmes,11775.0,933.0,5.0,636.0,0,273905.0
9,1123.0,2.0,1137.0,1931,1950,1.0,NoRidge,20199.0,1008.0,7.0,616.0,3,320913.0
1,1972.0,1.0,1618.0,1901,1950,2.0,NPkVill,9826.0,1747.0,7.0,332.0,1,323354.0
2,2134.0,2.0,586.0,1879,1950,1.0,Sawyer,5683.0,1173.0,5.0,507.0,0,234309.0
7,2070.0,3.0,653.0,1923,1950,2.0,Sawyer,3608.0,1635.0,4.0,878.0,1,390940.0
10,1119.0,2.0,548.0,1965,1998,2.0,Sawyer,12626.0,677.0,6.0,465.0,1,336208.0
1,334.0,2.0,1167.0,1978,1986,1.0,Timber,5799.0,334.0,5.0,613.0,0,165939.0
7,587.0,2.0,1086.0,1921,1950,3.0,Somerst,13814.0,440.0,7.0,558.0,0,235776.0
2,2261.0,1.0,854.0,1917,1954,1.0,IDOTRR,18010.0,1527.0,6.0,291.0,0,326818.0
7,1304.0,2.0,613.0,1981,1998,2.0,BrDale,4138.0,903.0,5.0,548.0,1,368982.0
7,1121.0,1.0,502.0,1966,1975,1.0,OldTown,11813.0,922.0,5.0,270.0,0,359522.0
1,2377.0,1.0,1036.0,1987,2010,2.0,Blueste,17091.0,1430.0,7.0,245.0,0,269964.0
7,2179.0,3.0,853.0,1997,2010,2.0,IDOTRR,14906.0,1635.0,7.0,935.0,2,453271.0
9,1528.0,2.0,757.0,1986,2010,1.0,NoRidge,3139.0,939.0,7.0,679.0,0,263372.0
9,1361.0,1.0,1735.0,2002,2010,2.0,NoRidge,5844.0,639.0,7.0,258.0,1,305374.0
1,1446.0,3.0,1021.0,1929,1965,1.0,Blmngtn,4722.0,897.0,6.0,906.0,0,304103.0
3,1634.0,1.0,1613.0,1926,1950,1.0,StoneBr,11635.0,1434.0,5.0,297.0,0,292258.0
3,2355.0,1.0,823.0,1916,1950,2.0,NPkVill,11011.0,1572.0,5.0,280.0,2,381414.0
5,1737.0,3.0,1164.0,1904,1950,1.0,Sawyer,2324.0,866.0,6.0,657.0,0,335429.0
2,1896.0,2.0,1033.0,1976,1986,0.0,Gilbert,7705.0,1440.0,10.0,456.0,0,304706.0
9,2129.0,1.0,313.0,1971,1972,3.0,StoneBr,13365.0,1881.0,4.0,249.0,0,394488.0
8,901.0,2.0,1683.0,1983,1995,1.0,Edwards,9643.0,774.0,6.0,389.0,0,395894.0
9,1911.0,1.0,998.0,1895,1950,1.0,OldTown,9635.0,1352.0,7.0,336.0,0,436424.0
2,1360.0,3.0,1384.0,1940,1961,2.0,Gilbert,7461.0,842.0,6.0,884.0,0,268394.0
1,334.0,1.0,728.0,1902,1950,1.0,NridgHt,5274.0,334.0,8.0,279.0,0,149990.0
10,398.0,3.0,985.0,1996,2010,1.0,OldTown,8879.0,334.0,6.0,577.0,0,322167.0
3,980.0,3.0,677.0,1909,1950,1.0,ClearCr,9192.0,821.0,6.0,621.0,0,274188.0
7,1794.0,1.0,1598.0,1892,1950,1.0,Timber,12181.0,1468.0,8.0,280.0,1,304469.0
10,1575.0,2.0,1193.0,1951,1974,1.0,Gilbert,12686.0,1032.0,9.0,718.0,3,438252.0
1,1612.0,2.0,1218.0,1994,2010,2.0,Sawyer,9348.0,812.0,9.0,504.0,0,309486.0
1,2539.0,1.0,1652.0,1999,2010,2.0,Blmngtn,15482.0,1793.0,6.0,315.0,1,385491.0
1,849.0,2.0,1563.0,1885,1950,1.0,NPkVill,7424.0,442.0,6.0,522.0,0,228803.0
2,1501.0,2.0,1392.0,1917,1950,2.0,Edwards,4350.0,717.0,7.0,564.0,0,319106.0
1,1675.0,2.0,434.0,1893,1950,1.0,NoRidge,11368.0,1130.0,7.0,657.0,1,187578.0
9,1128.0,2.0,752.0,1914,1950,2.0,NWAmes,9539.0,840.0,5.0,532.0,0,242102.0
7,1530.0,2.0,617.0,1946,1959,2.0,NWAmes,11481.0,1277.0,8.0,505.0,2,276182.0
10,675.0,2.0,1376.0,1910,1950,3.0,Timber,4759.0,542.0,7.0,673.0,0,317264.0
9,2255.0,1.0,1132.0,1881,1950,2.0,Blueste,21925.0,1885.0,6.0,282.0,0,487722.0
10,1157.0,1.0,448.0,1942,1963,1.0,Timber,12775.0,916.0,4.0,324.0,2,324691.0
3,2581.0,2.0,974.0,1879,1950,2.0,Blmngtn,7754.0,1978.0,7.0,505.0,1,386411.0
3,1498.0,2.0,403.0,1903,1950,1.0,BrDale,5610.0,681.0,3.0,673.0,3,223453.0
9,2055.0,1.0,1034.0,1872,1950,2.0,MeadowV,15345.0,1504.0,6.0,291.0,0,390288.0
3,1487.0,2.0,332.0,1884,1950,2.0,MeadowV,5162.0,750.0,6.0,595.0,0,237591.0
1,1499.0,0.0,1289.0,1932,1966,1.0,MeadowV,27741.0,714.0,7.0,0.0,0,195766.0
7,1208.0,1.0,1223.0,1990,2010,1.0,NridgHt,6591.0,629.0,10.0,260.0,1,351356.0
9,1578.0,2.0,1893.0,1979,1996,2.0,Blueste,21168.0,1295.0,7.0,560.0,1,475079.0
10,1682.0,1.0,1428.0,1885,1950,2.0,NPkVill,8166.0,1320.0,9.0,262.0,0,471419.0
10,1103.0,3.0,872.0,1876,1950,2.0,NoRidge,19739.0,967.0,8.0,955.0,0,261100.0
2,1449.0,2.0,1415.0,1918,1950,2.0,SWISU,6202.0,1290.0,8.0,544.0,2,190135.0
8,1195.0,2.0,445.0,1962,1992,2.0,NPkVill,9040.0,1018.0,9.0,440.0,1,389806.0
9,2722.0,1.0,635.0,1975,2010,2.0,Edwards,13391.0,1388.0,5.0,213.0,0,455972.0
7,1468.0,2.0,1203.0,1986,2008,1.0,CollgCr,12469.0,1241.0,5.0,422.0,0,320644.0
9,2326.0,1.0,112.0,1919,1950,2.0,Blueste,15528.0,1925.0,8.0,305.0,0,413041.0
9,1412.0,2.0,1041.0,1895,1950,2.0,IDOTRR,7018.0,1189.0,6.0,468.0,0,385171.0
5,1651.0,1.0,610.0,1875,1950,2.0,ClearCr,9343.0,856.0,7.0,292.0,1,314398.0
1,821.0,2.0,1101.0,1892,1950,2.0,Crawfor,16717.0,413.0,6.0,571.0,1,210156.0
5,1280.0,0.0,585.0,1881,1950,1.0,Crawfor,6294.0,1108.0,6.0,0.0,0,251212.0
3,1626.0,1.0,1243.0,1991,1998,1.0,NAmes,11924.0,859.0,9.0,298.0,1,350255.0
2,2348.0,3.0,1065.0,1909,1950,2.0,Sawyer,8026.0,1446.0,5.0,859.0,1,369188.0
2,1632.0,2.0,1670.0,1986,2010,2.0,OldTown,9926.0,1069.0,8.0,343.0,1,378590.0
7,2241.0,3.0,1060.0,1948,1983,2.0,Mitchel,9342.0,1134.0,7.0,801.0,0,391972.0
6,1851.0,3.0,720.0,1946,1957,0.0,NAmes,6038.0,850.0,4.0,891.0,0,402065.0
6,2369.0,2.0,949.0,1935,1962,2.0,BrDale,7861.0,2126.0,5.0,691.0,1,363873.0
8,1484.0,1.0,468.0,1985,1987,2.0,Sawyer,9628.0,1253.0,5.0,347.0,1,400122.0
6,2770.0,1.0,1235.0,1878,1950,1.0,ClearCr,8507.0,2384.0,7.0,225.0,1,470030.0
7,1260.0,3.0,1315.0,1884,1950,2.0,CollgCr,19661.0,728.0,6.0,798.0,0,341765.0
1,1113.0,2.0,2139.0,1930,1966,1.0,NAmes,14838.0,611.0,6.0,435.0,0,233113.0
9,880.0,4.0,785.0,1926,1950,1.0,Mitchel,10353.0,565.0,4.0,1363.0,0,317224.0
5,2739.0,1.0,940.0,1947,1979,3.0,MeadowV,6115.0,1791.0,10.0,321.0,1,392807.0
2,1945.0,3.0,805.0,1974,1974,2.0,BrDale,5931.0,880.0,7.0,882.0,0,364228.0
9,1340.0,2.0,1150.0,1953,1953,2.0,IDOTRR,24026.0,1073.0,7.0,573.0,2,373996.0
8,2171.0,3.0,1224.0,1907,1950,2.0,NoRidge,5405.0,1951.0,6.0,1006.0,1,310410.0
1,1876.0,3.0,1034.0,1917,1950,1.0,SWISU,9480.0,1291.0,5.0,985.0,1,156687.0
2,2547.0,1.0,1533.0,1976,1982,3.0,StoneBr,10727.0,1591.0,10.0,326.0,0,335504.0
1,702.0,1.0,787.0,1900,1950,2.0,ClearCr,7664.0,440.0,3.0,298.0,1,211924.0
3,1376.0,1.0,1489.0,1942,1966,1.0,NAmes,5426.0,679.0,7.0,266.0,1,280527.0
1,1272.0,1.0,1293.0,1946,1955,1.0,Mitchel,6048.0,725.0,5.0,311.0,0,184765.0
8,479.0,2.0,1052.0,1976,1993,2.0,BrDale,6814.0,334.0,6.0,625.0,1,350616.0
6,2072.0,2.0,919.0,1971,1997,2.0,Mitchel,6281.0,1335.0,5.0,545.0,2,317618.0
10,1373.0,2.0,2120.0,1936,1953,1.0,Edwards,17394.0,955.0,5.0,532.0,0,436293.0
8,1903.0,2.0,699.0,1914,1950,2.0,StoneBr,8915.0,1583.0,7.0,651.0,0,375683.0
7,2754.0,0.0,1187.0,1923,1950,1.0,Sawyer,6892.0,1518.0,2.0,0.0,0,374394.0
6,1330.0,3.0,728.0,1929,1950,2.0,Crawfor,9447.0,615.0,6.0,750.0,0,314550.0
1,1294.0,2.0,1839.0,1902,1950,2.0,Crawfor,12506.0,605.0,6.0,539.0,0,253049.0
1,1577.0,2.0,1445.0,1958,1983,1.0,SWISU,7538.0,805.0,4.0,588.0,1,191523.0
7,2033.0,2.0,760.0,1900,1950,2.0,Blmngtn,14059.0,1437.0,9.0,599.0,1,470421.0
1,1217.0,3.0,1282.0,1962,1967,1.0,SWISU,4743.0,990.0,6.0,777.0,0,175717.0
1,1184.0,2.0,1170.0,1976,1976,1.0,Blueste,16085.0,1005.0,6.0,711.0,0,253107.0
3,2070.0,0.0,831.0,2005,2010,1.0,NAmes,8915.0,1523.0,6.0,0.0,0,332173.0
9,1714.0,2.0,1389.0,1888,1950,2.0,MeadowV,8743.0,1082.0,6.0,603.0,1,371224.0
5,442.0,2.0,1228.0,1977,2000,1.0,Mitchel,6333.0,334.0,9.0,701.0,2,219227.0
8,872.0,1.0,1151.0,1883,1950,2.0,ClearCr,4847.0,550.0,10.0,262.0,2,345773.0
5,2303.0,2.0,1039.0,1918,1950,3.0,OldTown,3892.0,1381.0,8.0,553.0,1,358882.0
2,1726.0,1.0,1246.0,1896,1950,1.0,IDOTRR,6116.0,1452.0,8.0,230.0,1,291971.0
4,1115.0,1.0,1157.0,1894,1950,0.0,NAmes,12014.0,746.0,9.0,273.0,3,298012.0
1,1426.0,2.0,1083.0,1896,1950,2.0,StoneBr,5538.0,787.0,7.0,441.0,1,205583.0
8,1522.0,1.0,776.0,1878,1950,1.0,Gilbert,4129.0,883.0,9.0,310.0,0,400115.0
2,1901.0,1.0,1799.0,1986,1994,1.0,Edwards,5684.0,972.0,8.0,297.0,0,285565.0
4,802.0,1.0,597.0,1880,1950,1.0,CollgCr,7388.0,692.0,7.0,269.0,2,178635.0
10,1074.0,3.0,1244.0,1927,1953,1.0,NridgHt,7535.0,508.0,7.0,828.0,2,486850.0
6,1658.0,2.0,917.0,1969,1974,2.0,Blmngtn,8396.0,756.0,4.0,621.0,0,341614.0
5,1463.0,2.0,1828.0,2009,2010,2.0,Blueste,15007.0,779.0,7.0,469.0,1,331229.0
6,1815.0,1.0,661.0,1990,1997,2.0,OldTown,16724.0,1479.0,4.0,288.0,0,382004.0
8,870.0,2.0,735.0,1891,1950,2.0,Blueste,24410.0,596.0,4.0,616.0,0,333527.0
3,1702.0,3.0,632.0,2009,2010,1.0,Timber,3974.0,1245.0,7.0,626.0,0,286707.0
7,2088.0,2.0,1199.0,1962,2000,1.0,NWAmes,5838.0,1276.0,5.0,615.0,0,333427.0
9,1771.0,2.0,456.0,1896,1950,2.0,Blmngtn,12699.0,852.0,6.0,426.0,0,387628.0
6,1588.0,2.0,847.0,1934,1953,2.0,NridgHt,7137.0,1326.0,7.0,551.0,0,334045.0
5,1465.0,1.0,114.0,1999,2010,2.0,Somerst,13772.0,786.0,7.0,233.0,0,241649.0
2,1077.0,1.0,1162.0,1926,1950,1.0,Gilbert,9932.0,501.0,5.0,337.0,1,269696.0
3,1477.0,2.0,838.0,1897,1950,2.0,Edwards,19724.0,1045.0,8.0,467.0,0,293021.0
10,2176.0,1.0,405.0,1993,2010,2.0,Crawfor,15084.0,1061.0,6.0,214.0,0,400866.0
6,1453.0,1.0,1532.0,2004,2010,1.0,Edwards,15222.0,716.0,7.0,285.0,1,384948.0
4,1048.0,0.0,484.0,2007,2010,1.0,Gilbert,7289.0,849.0,5.0,0.0,0,297364.0
5,1257.0,1.0,1406.0,2004,2010,1.0,SawyerW,8529.0,844.0,6.0,220.0,0,278850.0
6,1620.0,2.0,750.0,1993,2001,1.0,StoneBr,7688.0,905.0,8.0,602.0,1,308803.0
6,1319.0,2.0,1758.0,1935,1964,2.0,Veenker,4218.0,800.0,8.0,401.0,0,292104.0
7,1770.0,1.0,1385.0,1898,1950,2.0,CollgCr,18693.0,1377.0,5.0,239.0,2,370099.0
3,1789.0,2.0,615.0,1957,1961,1.0,NoRidge,13000.0,858.0,6.0,514.0,0,197899.0
7,1982.0,1.0,655.0,1902,1950,1.0,OldTown,7536.0,996.0,5.0,312.0,3,352484.0
5,2262.0,3.0,1322.0,1937,1956,1.0,Blueste,17194.0,1645.0,5.0,995.0,2,377471.0
10,2038.0,2.0,942.0,1963,1991,2.0,NridgHt,6534.0,1474.0,4.0,648.0,2,446851.0
2,1025.0,2.0,983.0,2003,2010,1.0,Veenker,3572.0,910.0,6.0,548.0,0,202612.0
2,1041.0,2.0,1614.0,1912,1950,1.0,MeadowV,14819.0,644.0,8.0,366.0,0,255701.0
5,1475.0,1.0,729.0,1907,1950,1.0,NWAmes,4725.0,707.0,5.0,296.0,1,211389.0
6,1278.0,2.0,1097.0,1974,1991,2.0,NWAmes,8120.0,884.0,6.0,678.0,0,243673.0
7,917.0,1.0,1475.0,1872,1950,1.0,Sawyer,9927.0,676.0,6.0,329.0,1,321567.0
5,1283.0,2.0,1411.0,1950,1975,1.0,BrkSide,10859.0,658.0,8.0,597.0,0,369182.0
10,1266.0,1.0,987.0,1975,1984,1.0,BrkSide,13687.0,885.0,6.0,232.0,1,367923.0
5,1162.0,2.0,930.0,1948,1972,2.0,StoneBr,11973.0,626.0,6.0,518.0,0,303472.0
2,1349.0,1.0,295.0,1925,1950,1.0,BrkSide,11789.0,1120.0,5.0,357.0,0,220549.0
2,2134.0,2.0,594.0,1987,2010,1.0,MeadowV,6031.0,1762.0,5.0,447.0,0,276053.0
10,1620.0,2.0,1196.0,1923,1950,2.0,BrkSide,10375.0,1042.0,7.0,468.0,2,490074.0
2,2813.0,2.0,997.0,1970,2002,2.0,Sawyer,4218.0,2490.0,6.0,635.0,1,373293.0
10,1605.0,1.0,1090.0,1936,1950,2.0,NWAmes,19557.0,1430.0,7.0,263.0,0,313251.0
3,1363.0,2.0,1512.0,1875,1950,2.0,ClearCr,4441.0,693.0,9.0,465.0,1,299750.0
1,1517.0,2.0,537.0,1945,1950,2.0,Edwards,7531.0,934.0,9.0,682.0,0,236020.0
4,1650.0,3.0,954.0,1878,1950,1.0,Sawyer,4631.0,1188.0,4.0,895.0,0,346508.0
7,1744.0,1.0,1140.0,2001,2010,2.0,Sawyer,6216.0,851.0,8.0,265.0,1,423738.0
5,2605.0,1.0,749.0,1955,1974,2.0,StoneBr,9016.0,1621.0,7.0,234.0,0,357050.0
8,1071.0,4.0,1684.0,1923,1950,2.0,Edwards,6875.0,608.0,6.0,1418.0,1,409917.0
7,1966.0,2.0,1455.0,1939,1963,1.0,BrkSide,15869.0,1727.0,7.0,558.0,0,412245.0
5,1624.0,0.0,1184.0,1958,1985,2.0,StoneBr,10031.0,1032.0,4.0,0.0,2,350187.0
7,690.0,1.0,1843.0,1908,1950,1.0,Blmngtn,7105.0,547.0,9.0,316.0,0,304833.0
10,1920.0,0.0,400.0,1912,1950,1.0,Mitchel,8377.0,1198.0,7.0,0.0,0,326936.0
5,2181.0,2.0,1054.0,1930,1950,1.0,Blueste,16479.0,1111.0,5.0,519.0,0,351645.0
2,1065.0,2.0,1217.0,1907,1950,2.0,NoRidge,14107.0,893.0,6.0,676.0,2,183789.0
5,1510.0,1.0,656.0,1977,1985,2.0,MeadowV,5068.0,680.0,4.0,339.0,1,280596.0
9,609.0,1.0,1189.0,1886,1950,1.0,NridgHt,6372.0,334.0,6.0,205.0,0,295924.0
3,854.0,2.0,572.0,1986,2004,2.0,NPkVill,11355.0,524.0,6.0,604.0,1,309247.0
10,2065.0,0.0,1359.0,1920,1950,2.0,NridgHt,10686.0,1568.0,4.0,0.0,0,389150.0
6,1270.0,1.0,1520.0,1950,1966,1.0,Edwards,5297.0,767.0,8.0,239.0,1,355653.0
7,933.0,2.0,1176.0,1893,1950,1.0,CollgCr,13024.0,448.0,9.0,581.0,0,289457.0
4,1635.0,1.0,245.0,1925,1950,2.0,StoneBr,5736.0,970.0,6.0,226.0,0,244351.0
10,1241.0,2.0,634.0,1976,1981,2.0,NoRidge,17187.0,695.0,6.0,523.0,0,318613.0
1,1268.0,1.0,1304.0,1909,1950,1.0,Somerst,11669.0,574.0,7.0,248.0,0,148759.0
3,1903.0,2.0,1066.0,1890,1950,2.0,Veenker,5085.0,1314.0,6.0,520.0,0,222127.0
5,905.0,2.0,0.0,1944,1981,1.0,NridgHt,6874.0,455.0,5.0,554.0,0,228304.0
5,1040.0,2.0,1601.0,1894,1950,2.0,NoRidge,6814.0,603.0,5.0,479.0,0,237903.0
5,1596.0,2.0,1117.0,1915,1950,1.0,IDOTRR,9701.0,1179.0,6.0,686.0,2,361145.0
2,2024.0,2.0,698.0,1934,1958,1.0,Timber,8087.0,1571.0,7.0,599.0,1,257917.0
3,2165.0,1.0,1493.0,1950,1987,1.0,ClearCr,5051.0,1231.0,7.0,352.0,0,326600.0
1,1166.0,2.0,760.0,1960,1981,1.0,Blmngtn,4460.0,697.0,7.0,547.0,0,233423.0
6,2007.0,2.0,755.0,1966,1966,1.0,ClearCr,11784.0,1126.0,4.0,516.0,0,365592.0
4,1103.0,2.0,1214.0,1989,2001,3.0,NPkVill,10333.0,971.0,8.0,701.0,0,294843.0
6,2474.0,3.0,1837.0,1881,1950,2.0,Veenker,9441.0,1325.0,7.0,771.0,1,350667.0
6,920.0,1.0,1768.0,1922,1950,1.0,NWAmes,10253.0,490.0,11.0,273.0,1,237529.0
8,2212.0,3.0,1215.0,1872,1950,1.0,IDOTRR,6572.0,1438.0,6.0,926.0,0,436593.0
6,1170.0,3.0,1260.0,1873,1950,1.0,Somerst,9818.0,626.0,7.0,691.0,0,256324.0
7,2572.0,2.0,1404.0,1901,1950,1.0,Blmngtn,31865.0,1339.0,11.0,617.0,0,423760.0
6,1825.0,1.0,506.0,1955,1989,1.0,Blueste,16111.0,900.0,7.0,303.0,0,321955.0
7,982.0,0.0,1339.0,1996,2010,1.0,NPkVill,7753.0,725.0,6.0,0.0,1,366615.0
7,1241.0,3.0,735.0,1979,2007,0.0,ClearCr,6893.0,900.0,5.0,947.0,2,373959.0
4,1925.0,2.0,1196.0,1961,1999,2.0,Veenker,2143.0,1429.0,9.0,664.0,1,239506.0
3,2068.0,1.0,957.0,1980,1987,2.0,MeadowV,15281.0,1650.0,5.0,276.0,0,322411.0
8,1478.0,3.0,1277.0,1895,1950,2.0,Gilbert,13271.0,882.0,7.0,736.0,0,443171.0
4,1538.0,1.0,1109.0,1988,1997,1.0,NridgHt,6823.0,1328.0,6.0,364.0,1,254467.0
6,1913.0,1.0,0.0,1995,2010,1.0,IDOTRR,4377.0,1492.0,6.0,219.0,1,352278.0
2,1584.0,2.0,1135.0,1885,1950,1.0,Mitchel,5026.0,1286.0,4.0,446.0,0,193659.0
5,836.0,1.0,1338.0,1937,1959,2.0,ClearCr,11184.0,647.0,9.0,303.0,1,292780.0
6,1088.0,2.0,1252.0,1987,2010,1.0,ClearCr,8564.0,665.0,6.0,690.0,0,301044.0
7,1638.0,3.0,1012.0,1938,1950,2.0,Blueste,12655.0,946.0,5.0,863.0,0,400898.0
6,2153.0,2.0,1776.0,1988,1990,2.0,MeadowV,9351.0,1378.0,9.0,640.0,0,466551.0
4,2363.0,3.0,1193.0,2002,2010,2.0,NAmes,14521.0,1167.0,6.0,601.0,0,405588.0
10,1924.0,3.0,1249.0,1937,1950,2.0,NWAmes,10773.0,1257.0,7.0,780.0,1,268202.0
6,1666.0,2.0,1514.0,1880,1950,2.0,NWAmes,13553.0,782.0,8.0,410.0,0,258625.0
9,1908.0,0.0,1216.0,1919,1956,2.0,NoRidge,3150.0,862.0,7.0,0.0,1,298771.0
8,1165.0,1.0,664.0,1901,1950,1.0,NWAmes,4831.0,1013.0,3.0,218.0,1,204478.0
6,1435.0,2.0,0.0,1937,1956,1.0,Blueste,7464.0,1091.0,8.0,458.0,1,331100.0
9,1082.0,1.0,848.0,1953,1969,1.0,Sawyer,15364.0,760.0,6.0,301.0,1,396037.0
2,859.0,2.0,1390.0,1936,1961,3.0,Mitchel,22931.0,518.0,6.0,645.0,0,191996.0
10,1690.0,2.0,902.0,1899,1950,2.0,BrDale,8249.0,1194.0,6.0,547.0,2,365643.0
9,1612.0,3.0,1408.0,1913,1950,2.0,SawyerW,6596.0,1372.0,4.0,908.0,0,296831.0
6,1876.0,1.0,1122.0,1966,1972,1.0,CollgCr,3369.0,1395.0,7.0,302.0,1,293143.0
8,1802.0,1.0,1621.0,1875,1950,2.0,NWAmes,13791.0,1299.0,4.0,271.0,0,269679.0
6,1642.0,2.0,928.0,1901,1950,1.0,NWAmes,6802.0,1079.0,6.0,472.0,0,225342.0
3,1807.0,2.0,1262.0,1996,2010,1.0,NoRidge,39307.0,1094.0,7.0,605.0,0,231166.0
8,1493.0,2.0,1279.0,1885,1950,1.0,SWISU,6188.0,1141.0,8.0,609.0,0,266123.0
3,1732.0,3.0,1715.0,1929,1957,3.0,IDOTRR,25659.0,1544.0,5.0,947.0,1,374223.0
4,1134.0,1.0,309.0,1900,1950,3.0,Mitchel,13019.0,727.0,9.0,292.0,2,223972.0
6,1709.0,2.0,856.0,1886,1950,1.0,Crawfor,5355.0,1071.0,8.0,467.0,1,347445.0
9,1866.0,2.0,1429.0,1930,1963,1.0,Edwards,10057.0,1199.0,6.0,615.0,1,394245.0
4,1163.0,1.0,1734.0,1944,1964,1.0,Somerst,13170.0,746.0,5.0,280.0,0,178159.0
5,1542.0,2.0,1162.0,1896,1950,2.0,NoRidge,8001.0,1381.0,4.0,521.0,0,230597.0
1,1188.0,2.0,929.0,1882,1950,2.0,Veenker,13616.0,912.0,7.0,536.0,1,172786.0
2,1239.0,2.0,1389.0,1890,1950,2.0,IDOTRR,13467.0,758.0,5.0,505.0,1,213729.0
1,924.0,2.0,1437.0,1962,1983,2.0,CollgCr,12066.0,570.0,8.0,631.0,1,196371.0
1,2180.0,2.0,899.0,1991,2003,1.0,Blueste,8882.0,1404.0,5.0,447.0,0,328065.0
9,2074.0,1.0,1202.0,1897,1950,2.0,NWAmes,4977.0,968.0,5.0,240.0,0,312152.0
9,1797.0,1.0,1574.0,1916,1954,1.0,ClearCr,8618.0,1235.0,7.0,267.0,0,448538.0
9,2550.0,3.0,1885.0,1919,1950,2.0,NPkVill,9779.0,2079.0,5.0,1034.0,2,566470.0
1,1416.0,2.0,1382.0,1922,1951,1.0,Blueste,3505.0,1058.0,7.0,644.0,0,282534.0
1,3107.0,1.0,1076.0,1905,1950,2.0,OldTown,9746.0,1676.0,8.0,214.0,0,318809.0
3,1396.0,2.0,1033.0,1879,1950,2.0,Somerst,8532.0,1086.0,7.0,668.0,2,176527.0
6,1649.0,0.0,1301.0,1944,1982,2.0,StoneBr,4683.0,1276.0,7.0,0.0,1,347012.0
4,1306.0,1.0,1006.0,1921,1950,2.0,MeadowV,7582.0,742.0,7.0,233.0,0,265327.0
5,1710.0,2.0,1140.0,1919,1950,1.0,BrDale,7662.0,1249.0,4.0,358.0,1,311772.0
2,1954.0,2.0,594.0,1908,1950,1.0,IDOTRR,23507.0,1417.0,7.0,554.0,0,302690.0
8,1455.0,2.0,1625.0,2001,2010,1.0,Edwards,9997.0,1205.0,7.0,650.0,0,384204.0
4,2448.0,0.0,558.0,1956,1974,1.0,SWISU,15033.0,1251.0,8.0,0.0,1,209238.0
1,1641.0,1.0,868.0,1930,1953,1.0,StoneBr,8443.0,882.0,7.0,245.0,1,200405.0
8,1657.0,2.0,1100.0,1900,1950,1.0,BrkSide,3509.0,1108.0,6.0,700.0,0,419138.0
10,1038.0,2.0,1929.0,1983,2003,2.0,NoRidge,12534.0,488.0,8.0,382.0,0,330413.0
1,1735.0,2.0,872.0,1995,2010,2.0,Gilbert,6444.0,1105.0,6.0,531.0,1,351921.0
5,1445.0,2.0,765.0,1876,1950,2.0,BrDale,7572.0,1163.0,7.0,527.0,1,302181.0
9,1196.0,2.0,816.0,2001,2009,2.0,CollgCr,5290.0,618.0,6.0,652.0,2,329907.0
8,1107.0,1.0,1784.0,1969,2006,1.0,BrDale,9287.0,727.0,7.0,332.0,1,423520.0
9,2918.0,2.0,0.0,1885,1950,2.0,BrDale,15254.0,2613.0,6.0,636.0,2,509529.0
5,1377.0,1.0,618.0,1976,2002,2.0,SWISU,14276.0,933.0,9.0,226.0,0,215848.0
4,750.0,0.0,2253.0,1886,1950,2.0,BrDale,19793.0,506.0,10.0,0.0,3,241773.0
8,1148.0,1.0,1316.0,1879,1950,1.0,NPkVill,21247.0,805.0,8.0,300.0,0,350013.0
2,1488.0,3.0,573.0,1888,1950,1.0,Somerst,3220.0,794.0,9.0,639.0,0,158162.0
3,1802.0,2.0,1039.0,1935,1966,1.0,IDOTRR,4930.0,930.0,4.0,395.0,0,302436.0
7,1806.0,2.0,1087.0,1958,1967,1.0,StoneBr,3626.0,1363.0,4.0,643.0,1,330389.0
7,1870.0,1.0,1428.0,1928,1951,0.0,Blmngtn,12283.0,1175.0,6.0,273.0,0,450803.0
2,1176.0,0.0,1863.0,1888,1950,3.0,ClearCr,6333.0,683.0,7.0,0.0,0,217786.0
6,1694.0,2.0,1227.0,1899,1950,2.0,Timber,7012.0,786.0,6.0,543.0,3,276055.0
4,1055.0,0.0,821.0,1990,2010,1.0,IDOTRR,8036.0,876.0,4.0,0.0,1,272069.0
6,1190.0,1.0,1402.0,2005,2009,1.0,Edwards,10843.0,553.0,8.0,277.0,0,343959.0
10,1033.0,2.0,751.0,1976,1986,2.0,Sawyer,4261.0,813.0,10.0,436.0,1,317813.0
1,891.0,2.0,604.0,1886,1950,1.0,Mitchel,4772.0,554.0,9.0,711.0,1,132795.0
10,2074.0,1.0,286.0,1985,2010,1.0,NPkVill,8961.0,1492.0,8.0,320.0,0,469948.0
5,1877.0,0.0,371.0,1968,1993,1.0,Veenker,16307.0,1054.0,7.0,0.0,0,284310.0
8,2028.0,1.0,664.0,1945,1984,2.0,StoneBr,8842.0,1054.0,5.0,268.0,0,415183.0
5,1536.0,1.0,541.0,1891,1950,2.0,OldTown,6028.0,1060.0,7.0,294.0,0,298370.0
4,1923.0,1.0,1194.0,2010,2010,2.0,ClearCr,3059.0,1467.0,10.0,235.0,0,363048.0
8,590.0,2.0,532.0,1933,1951,2.0,BrkSide,14420.0,334.0,6.0,586.0,0,312710.0
7,1968.0,1.0,0.0,1878,1950,2.0,StoneBr,6198.0,1272.0,6.0,227.0,1,328288.0
2,1608.0,2.0,600.0,1901,1950,2.0,Mitchel,5046.0,1045.0,8.0,554.0,1,246873.0
8,1844.0,2.0,850.0,1927,1953,1.0,ClearCr,3798.0,1009.0,8.0,467.0,0,450844.0
8,1715.0,2.0,792.0,1880,1950,1.0,Gilbert,4361.0,1208.0,5.0,471.0,0,402785.0
4,997.0,2.0,1723.0,1917,1950,1.0,Edwards,5538.0,514.0,6.0,692.0,2,259051.0
10,729.0,2.0,788.0,1937,1950,1.0,Gilbert,7947.0,495.0,6.0,565.0,1,400646.0
7,1141.0,2.0,1443.0,2003,2005,1.0,Blmngtn,4893.0,572.0,7.0,577.0,0,433597.0
4,1812.0,2.0,1049.0,1884,1950,1.0,CollgCr,9827.0,1211.0,8.0,399.0,0,257190.0
1,1877.0,1.0,1038.0,1952,1971,1.0,Sawyer,7917.0,1108.0,5.0,256.0,0,217921.0
7,797.0,0.0,691.0,1999,2010,2.0,NWAmes,27201.0,521.0,8.0,0.0,0,212374.0
3,1000.0,2.0,1031.0,1984,2010,3.0,BrDale,3819.0,645.0,7.0,576.0,0,272084.0
8,1135.0,2.0,722.0,2000,2005,1.0,NWAmes,9708.0,974.0,10.0,388.0,0,220425.0
6,1327.0,2.0,1131.0,1895,1950,1.0,NPkVill,9769.0,890.0,7.0,577.0,1,367373.0
5,800.0,1.0,954.0,1983,2003,1.0,Blueste,5349.0,655.0,6.0,295.0,2,297776.0
2,768.0,3.0,643.0,2008,2010,2.0,StoneBr,9392.0,424.0,7.0,994.0,0,260801.0
8,1084.0,1.0,1491.0,1917,1950,1.0,NWAmes,13158.0,660.0,6.0,254.0,0,214507.0
2,1560.0,2.0,1244.0,1941,1974,1.0,Timber,9398.0,755.0,4.0,381.0,1,245642.0
5,895.0,2.0,861.0,1945,1974,2.0,StoneBr,17894.0,572.0,6.0,480.0,0,283952.0
9,1454.0,3.0,1121.0,1940,1960,2.0,OldTown,3014.0,1092.0,6.0,708.0,1,458523.0
10,2071.0,2.0,1020.0,1912,1950,2.0,BrDale,5877.0,1713.0,4.0,619.0,0,408444.0
10,832.0,1.0,677.0,2006,2010,1.0,Mitchel,18723.0,586.0,6.0,171.0,2,279737.0
10,1407.0,1.0,1088.0,2004,2005,2.0,Veenker,14129.0,1038.0,3.0,262.0,0,341208.0
6,2053.0,3.0,785.0,1924,1950,1.0,NoRidge,11734.0,1088.0,6.0,1011.0,0,282854.0
3,1295.0,2.0,643.0,1983,2010,1.0,Veenker,16591.0,604.0,7.0,561.0,0,209798.0
9,1214.0,2.0,346.0,1927,1965,1.0,OldTown,3435.0,979.0,7.0,632.0,0,420092.0
9,2126.0,4.0,900.0,1982,1992,2.0,CollgCr,13330.0,1117.0,6.0,857.0,0,386820.0
10,1354.0,2.0,1305.0,1953,1979,2.0,OldTown,15248.0,665.0,6.0,432.0,1,370703.0
7,2095.0,1.0,753.0,1937,1950,2.0,Veenker,6442.0,1827.0,5.0,337.0,2,311986.0
2,1740.0,2.0,2161.0,1889,1950,2.0,Blueste,33344.0,1537.0,7.0,568.0,0,331183.0
6,1335.0,1.0,1445.0,1962,1976,2.0,Blueste,9879.0,971.0,7.0,284.0,0,359855.0
5,1767.0,1.0,1628.0,1916,1951,1.0,NWAmes,2992.0,1096.0,5.0,235.0,0,239537.0
9,1683.0,1.0,1405.0,1902,1950,2.0,NridgHt,10836.0,1388.0,7.0,284.0,0,465782.0
4,2051.0,1.0,1869.0,1898,1950,2.0,NWAmes,6248.0,1112.0,7.0,234.0,1,219998.0
4,1227.0,1.0,712.0,2008,2010,3.0,BrDale,16034.0,789.0,6.0,327.0,0,287036.0
1,1537.0,3.0,0.0,1886,1950,2.0,NridgHt,11778.0,939.0,10.0,1167.0,0,269983.0
9,1483.0,2.0,862.0,1982,1992,2.0,IDOTRR,6641.0,1276.0,6.0,599.0,2,355534.0
8,1885.0,2.0,1301.0,1992,1998,2.0,StoneBr,18982.0,1628.0,6.0,509.0,0,392166.0
1,977.0,2.0,1123.0,1876,1950,2.0,SawyerW,14324.0,726.0,6.0,357.0,1,202008.0
5,2049.0,2.0,1178.0,1953,1980,1.0,BrkSide,5920.0,1024.0,5.0,425.0,1,430906.0
5,1760.0,2.0,1636.0,1952,1957,2.0,StoneBr,8300.0,1174.0,8.0,684.0,1,357615.0
5,824.0,2.0,1224.0,1921,1950,2.0,MeadowV,11596.0,462.0,5.0,478.0,1,287132.0
10,2149.0,2.0,1407.0,1964,1985,2.0,Somerst,7464.0,1823.0,6.0,530.0,0,301615.0
2,2688.0,2.0,645.0,1928,1950,2.0,Crawfor,7576.0,1377.0,6.0,612.0,0,350117.0
4,2041.0,2.0,577.0,1933,1951,1.0,Edwards,9121.0,968.0,5.0,679.0,0,273940.0
2,2264.0,2.0,1764.0,1931,1950,1.0,NAmes,5256.0,1736.0,4.0,544.0,0,295419.0
3,1560.0,2.0,1101.0,1983,1991,1.0,StoneBr,2933.0,1020.0,6.0,528.0,2,285799.0
10,643.0,3.0,784.0,1960,1977,2.0,Crawfor,10093.0,532.0,8.0,849.0,2,355676.0
10,547.0,1.0,785.0,1924,1951,1.0,NridgHt,3313.0,334.0,7.0,255.0,3,351083.0
1,1649.0,2.0,773.0,2000,2010,2.0,CollgCr,5451.0,1336.0,9.0,514.0,2,254524.0
7,1204.0,2.0,746.0,1983,2004,2.0,Blmngtn,3693.0,562.0,8.0,593.0,0,434031.0
3,1035.0,1.0,495.0,2001,2010,2.0,BrDale,3928.0,479.0,7.0,287.0,0,259691.0
2,1482.0,1.0,400.0,1973,1983,2.0,Blmngtn,11083.0,975.0,10.0,365.0,0,262844.0
3,1838.0,2.0,972.0,1926,1950,1.0,OldTown,8013.0,1010.0,6.0,595.0,0,330534.0
2,752.0,1.0,797.0,1979,1996,1.0,NAmes,7870.0,539.0,7.0,326.0,0,198038.0
5,1279.0,1.0,1542.0,1917,1950,3.0,Gilbert,4638.0,590.0,6.0,237.0,2,383765.0
10,2308.0,1.0,1185.0,1909,1950,2.0,OldTown,6452.0,1075.0,9.0,301.0,0,484633.0
6,950.0,2.0,1173.0,1934,1958,2.0,BrkSide,10810.0,738.0,7.0,502.0,0,357270.0
8,1972.0,3.0,732.0,2006,2010,2.0,StoneBr,8725.0,1074.0,5.0,887.0,0,326995.0
5,1261.0,2.0,1004.0,1950,1964,1.0,Somerst,13512.0,940.0,7.0,615.0,1,173617.0
1,1802.0,0.0,1215.0,1925,1950,2.0,SawyerW,14509.0,1419.0,5.0,0.0,1,188536.0
1,2091.0,2.0,1371.0,1936,1962,2.0,IDOTRR,7894.0,997.0,7.0,753.0,0,354242.0
3,1904.0,1.0,1016.0,1912,1950,1.0,Sawyer,3547.0,1516.0,7.0,337.0,1,269776.0
3,1992.0,2.0,1530.0,1963,1967,1.0,BrkSide,6134.0,1137.0,6.0,654.0,0,381020.0
9,910.0,2.0,1060.0,1920,1950,2.0,Timber,8528.0,569.0,7.0,621.0,0,292774.0
9,2100.0,2.0,1404.0,1949,1950,1.0,Blmngtn,6074.0,1027.0,4.0,701.0,1,458309.0
9,1067.0,2.0,842.0,1923,1950,1.0,Sawyer,5285.0,883.0,7.0,445.0,1,370352.0
7,1651.0,2.0,263.0,1916,1950,1.0,OldTown,9273.0,1160.0,6.0,670.0,1,416547.0
6,1651.0,3.0,1175.0,2006,2010,3.0,Veenker,30187.0,1118.0,11.0,721.0,1,355365.0
7,1770.0,2.0,1375.0,1920,1950,1.0,Timber,7016.0,1568.0,7.0,515.0,0,340652.0
5,1692.0,3.0,1309.0,1881,1950,2.0,BrkSide,8943.0,1016.0,6.0,907.0,1,419349.0
7,1072.0,2.0,1242.0,1924,1950,1.0,ClearCr,4647.0,912.0,4.0,659.0,0,320676.0
8,806.0,2.0,904.0,1945,1975,1.0,Blueste,16676.0,624.0,9.0,468.0,1,382561.0
8,1973.0,0.0,704.0,1885,1950,1.0,Edwards,13868.0,1712.0,6.0,0.0,0,384898.0
7,1613.0,3.0,1299.0,1914,1950,2.0,Veenker,13398.0,1385.0,5.0,852.0,0,339400.0
1,2118.0,1.0,1244.0,1895,1950,2.0,NoRidge,17675.0,1898.0,7.0,273.0,0,210498.0
8,1492.0,2.0,811.0,1941,1974,2.0,Timber,7232.0,760.0,8.0,628.0,0,312114.0
4,777.0,1.0,1543.0,1972,1993,2.0,Veenker,7699.0,628.0,8.0,417.0,0,209507.0
8,2022.0,1.0,670.0,2006,2010,2.0,Sawyer,21056.0,1642.0,7.0,297.0,0,395735.0
6,1321.0,3.0,801.0,1926,1950,2.0,MeadowV,12288.0,977.0,7.0,752.0,0,295976.0
9,1695.0,1.0,1774.0,1991,1996,1.0,Timber,2952.0,975.0,7.0,228.0,1,380272.0
4,1175.0,3.0,1437.0,1901,1950,2.0,Blmngtn,11242.0,1039.0,7.0,801.0,2,329024.0
10,2378.0,2.0,900.0,1980,2005,2.0,BrkSide,6695.0,1289.0,7.0,485.0,0,542296.0
9,1055.0,1.0,1183.0,1950,1970,1.0,ClearCr,14032.0,712.0,8.0,299.0,0,398329.0
4,1338.0,2.0,1125.0,1977,2007,1.0,Crawfor,10983.0,916.0,7.0,596.0,0,263385.0
5,1571.0,1.0,0.0,1977,1990,0.0,SawyerW,3751.0,821.0,5.0,261.0,0,217227.0
6,942.0,2.0,660.0,1946,1980,2.0,SawyerW,10244.0,730.0,6.0,719.0,1,259212.0
8,1689.0,1.0,1035.0,1907,1950,2.0,Blmngtn,9950.0,828.0,8.0,251.0,0,375138.0
7,2361.0,1.0,901.0,1945,1974,1.0,BrDale,10740.0,1799.0,4.0,275.0,1,369034.0
9,1258.0,2.0,1165.0,1986,1990,2.0,Gilbert,11941.0,1047.0,4.0,611.0,2,520306.0
4,1722.0,2.0,1552.0,2006,2009,2.0,Veenker,18920.0,1046.0,8.0,631.0,2,257044.0
6,334.0,1.0,916.0,2000,2010,2.0,Timber,11014.0,334.0,9.0,331.0,0,285974.0
5,1495.0,2.0,594.0,1897,1950,2.0,OldTown,9058.0,778.0,4.0,594.0,1,324938.0
10,1351.0,2.0,1199.0,1955,1992,1.0,MeadowV,15899.0,1122.0,7.0,644.0,0,430668.0
4,1085.0,1.0,914.0,1886,1950,2.0,Somerst,27484.0,953.0,6.0,253.0,1,195796.0
6,2083.0,2.0,989.0,1964,1964,2.0,Veenker,14151.0,1080.0,6.0,633.0,0,331114.0
2,1344.0,2.0,929.0,2009,2010,1.0,BrkSide,9928.0,1023.0,7.0,632.0,1,345008.0
9,1422.0,1.0,2039.0,1879,1950,1.0,NPkVill,11117.0,964.0,4.0,341.0,0,383991.0
4,1317.0,3.0,76.0,1963,1972,2.0,Crawfor,10178.0,908.0,5.0,640.0,1,273155.0
4,509.0,2.0,887.0,2003,2010,1.0,OldTown,9039.0,391.0,6.0,487.0,1,248286.0
6,921.0,2.0,1055.0,1989,2010,2.0,MeadowV,26439.0,617.0,6.0,626.0,0,260467.0
5,2020.0,1.0,715.0,1926,1950,1.0,ClearCr,6158.0,1455.0,5.0,174.0,0,318791.0
9,407.0,3.0,1451.0,1886,1950,3.0,Sawyer,15954.0,334.0,8.0,899.0,2,434107.0
6,1113.0,1.0,1413.0,2000,2010,0.0,Gilbert,8409.0,690.0,6.0,322.0,0,348594.0
6,1305.0,1.0,1036.0,2000,2010,2.0,Veenker,4272.0,1095.0,6.0,257.0,0,324540.0
2,2430.0,1.0,938.0,1952,1977,2.0,MeadowV,8151.0,1214.0,7.0,263.0,2,363502.0
1,1919.0,3.0,1008.0,2008,2010,1.0,Sawyer,6813.0,1380.0,6.0,711.0,1,393076.0
4,1222.0,2.0,1011.0,1872,1950,1.0,SWISU,11954.0,651.0,8.0,518.0,0,214050.0
10,2200.0,2.0,1023.0,1957,1996,1.0,NridgHt,9374.0,1828.0,5.0,521.0,1,569267.0
10,1126.0,3.0,975.0,1877,1950,1.0,Somerst,5372.0,800.0,4.0,758.0,1,272059.0
7,2045.0,2.0,1168.0,2002,2010,2.0,StoneBr,18686.0,1291.0,6.0,501.0,2,395650.0
7,802.0,2.0,1387.0,1966,1967,1.0,BrDale,15445.0,451.0,7.0,538.0,0,342880.0
4,2078.0,2.0,518.0,1998,2010,2.0,NPkVill,19792.0,1344.0,5.0,537.0,1,385255.0
2,1302.0,2.0,597.0,1950,1967,2.0,BrkSide,10082.0,1147.0,4.0,710.0,1,276873.0
1,975.0,1.0,291.0,1883,1950,1.0,Edwards,8797.0,662.0,7.0,264.0,0,176095.0
4,1401.0,2.0,1436.0,1875,1950,1.0,IDOTRR,12731.0,926.0,5.0,588.0,1,288881.0
4,1661.0,2.0,1167.0,1918,1950,2.0,SWISU,6709.0,1305.0,4.0,514.0,0,185759.0
2,1255.0,1.0,1278.0,1975,1980,2.0,Blueste,9557.0,779.0,8.0,256.0,0,276736.0
3,1806.0,2.0,431.0,1892,1950,1.0,OldTown,8202.0,1160.0,5.0,424.0,2,274258.0
1,1209.0,2.0,1839.0,1990,2003,1.0,StoneBr,4313.0,727.0,8.0,434.0,0,226862.0
7,1841.0,3.0,790.0,1905,1950,1.0,Crawfor,9545.0,953.0,7.0,695.0,0,351985.0
10,1747.0,0.0,1131.0,1941,1980,2.0,Timber,7183.0,1347.0,7.0,0.0,1,350393.0
7,1483.0,1.0,1431.0,1900,1950,2.0,OldTown,7933.0,1250.0,6.0,323.0,0,410896.0
5,1283.0,1.0,625.0,1936,1950,2.0,NAmes,10742.0,1100.0,2.0,209.0,0,282323.0
5,1595.0,2.0,818.0,1934,1950,1.0,NoRidge,16920.0,1350.0,5.0,516.0,0,267062.0
4,1804.0,2.0,1135.0,1872,1950,1.0,Somerst,5858.0,1179.0,6.0,451.0,1,217109.0
2,2597.0,3.0,2309.0,1950,1954,2.0,NoRidge,7568.0,1501.0,7.0,808.0,0,290287.0
6,2008.0,2.0,1189.0,1981,2010,1.0,NAmes,6109.0,1480.0,4.0,646.0,0,390919.0
6,2027.0,1.0,1761.0,2002,2010,2.0,BrDale,5913.0,1783.0,6.0,262.0,0,360744.0
1,3136.0,2.0,1585.0,1917,1950,1.0,NWAmes,6652.0,2437.0,5.0,556.0,0,260313.0
5,1786.0,2.0,1218.0,1994,1994,1.0,BrkSide,8117.0,1201.0,7.0,676.0,0,419071.0
3,1769.0,2.0,624.0,1994,2010,2.0,NWAmes,12003.0,1344.0,6.0,597.0,0,240473.0
2,1885.0,1.0,1521.0,2009,2010,1.0,Mitchel,10511.0,1504.0,8.0,250.0,0,227209.0
8,985.0,1.0,401.0,1923,1962,2.0,IDOTRR,5279.0,851.0,8.0,286.0,0,289968.0
6,1282.0,2.0,1758.0,1990,2001,0.0,StoneBr,17104.0,1017.0,7.0,494.0,1,310366.0
7,1249.0,3.0,1145.0,1950,1968,1.0,SWISU,14360.0,806.0,8.0,890.0,0,277645.0
8,1855.0,0.0,0.0,1880,1950,1.0,Blueste,5707.0,1063.0,6.0,0.0,1,344510.0
10,1424.0,3.0,908.0,1909,1950,3.0,Somerst,16516.0,961.0,11.0,676.0,0,281899.0
9,1588.0,2.0,1343.0,1965,1973,1.0,Veenker,10546.0,949.0,5.0,574.0,1,293863.0
7,2086.0,0.0,953.0,1894,1950,2.0,NoRidge,8281.0,1824.0,6.0,0.0,1,263570.0
9,1968.0,0.0,1370.0,1932,1961,2.0,Sawyer,10711.0,1335.0,8.0,0.0,2,406341.0
5,1430.0,1.0,685.0,1979,2010,1.0,NPkVill,8841.0,947.0,8.0,313.0,0,370789.0
10,1163.0,2.0,485.0,1892,1950,1.0,SWISU,11761.0,706.0,7.0,598.0,1,274529.0
8,2111.0,2.0,1026.0,1941,1951,2.0,Somerst,9835.0,1557.0,8.0,536.0,0,268391.0
7,1921.0,2.0,1071.0,1901,1950,1.0,Somerst,7565.0,1314.0,3.0,635.0,3,279361.0
10,672.0,1.0,904.0,1946,1966,1.0,StoneBr,3252.0,341.0,9.0,245.0,2,345849.0
6,1351.0,1.0,1595.0,1905,1950,2.0,ClearCr,11656.0,1136.0,6.0,227.0,1,313440.0
8,1602.0,1.0,685.0,2006,2009,2.0,CollgCr,7429.0,980.0,8.0,152.0,0,329992.0
3,1924.0,2.0,1194.0,1882,1950,1.0,NoRidge,13213.0,1240.0,3.0,554.0,1,229493.0
10,1993.0,2.0,1087.0,2005,2010,2.0,IDOTRR,11394.0,1081.0,7.0,494.0,2,501815.0
7,1664.0,1.0,375.0,1982,1982,2.0,Blueste,7526.0,1163.0,6.0,296.0,0,306166.0
8,1822.0,2.0,479.0,1990,2010,2.0,ClearCr,14935.0,1396.0,7.0,402.0,0,427700.0
5,1549.0,1.0,1062.0,1990,2010,1.0,NPkVill,9921.0,1311.0,7.0,254.0,0,386189.0
9,1161.0,1.0,1925.0,1898,1950,2.0,NAmes,9719.0,549.0,7.0,299.0,1,446580.0
1,1378.0,1.0,1311.0,2001,2010,2.0,MeadowV,8358.0,1224.0,5.0,239.0,0,227991.0
2,1525.0,3.0,301.0,1954,1992,2.0,NWAmes,20781.0,1169.0,6.0,889.0,0,183164.0
6,1497.0,2.0,0.0,2005,2010,1.0,IDOTRR,6269.0,865.0,6.0,515.0,0,330535.0
8,525.0,1.0,1378.0,1994,2004,1.0,Veenker,7621.0,334.0,7.0,279.0,0,274008.0
9,1306.0,2.0,1015.0,1952,1987,1.0,Veenker,4824.0,762.0,8.0,608.0,3,327640.0
5,1545.0,3.0,1557.0,1924,1950,2.0,Gilbert,12879.0,1304.0,7.0,954.0,0,418425.0
7,1367.0,2.0,671.0,1888,1950,1.0,NridgHt,6694.0,794.0,4.0,567.0,2,295539.0
6,1385.0,3.0,1210.0,1886,1950,2.0,ClearCr,7080.0,912.0,7.0,742.0,1,373426.0
10,1771.0,3.0,1428.0,1926,1950,2.0,Veenker,6916.0,1359.0,11.0,785.0,0,357672.0
7,949.0,1.0,861.0,1984,2001,2.0,NoRidge,9241.0,799.0,9.0,305.0,3,257347.0
5,660.0,2.0,870.0,1942,1950,1.0,CollgCr,4792.0,493.0,2.0,478.0,0,248866.0
10,1332.0,1.0,1068.0,1938,1950,1.0,Somerst,2917.0,1051.0,7.0,273.0,2,242205.0
2,1916.0,2.0,1295.0,1905,1950,2.0,ClearCr,11258.0,1012.0,8.0,529.0,0,301718.0
10,2401.0,1.0,1051.0,1950,1984,1.0,ClearCr,3113.0,2028.0,6.0,276.0,0,425839.0
2,1926.0,1.0,1484.0,1960,1994,2.0,NPkVill,13726.0,1106.0,6.0,240.0,1,342954.0
3,744.0,1.0,855.0,2008,2010,2.0,IDOTRR,19521.0,378.0,6.0,206.0,0,276202.0
9,1393.0,2.0,475.0,1973,1986,2.0,Mitchel,8249.0,1239.0,7.0,602.0,0,329446.0
8,1650.0,2.0,1923.0,1956,1977,1.0,OldTown,17150.0,892.0,5.0,637.0,0,426716.0
10,1608.0,2.0,792.0,1998,2010,2.0,MeadowV,8847.0,822.0,8.0,417.0,1,467792.0
8,1798.0,0.0,808.0,1931,1970,1.0,Blmngtn,19923.0,1316.0,6.0,0.0,0,402657.0
7,1034.0,1.0,1028.0,2001,2010,2.0,CollgCr,7129.0,614.0,5.0,323.0,1,310900.0
4,1549.0,1.0,1086.0,1923,1950,2.0,Crawfor,2745.0,790.0,8.0,304.0,1,304377.0
1,1736.0,2.0,888.0,1889,1950,2.0,NWAmes,8605.0,1251.0,4.0,527.0,0,129242.0
2,1948.0,2.0,1049.0,1930,1950,2.0,ClearCr,21036.0,1542.0,6.0,485.0,1,314957.0
3,1092.0,2.0,1040.0,1889,1950,2.0,MeadowV,11702.0,881.0,6.0,566.0,1,219962.0
1,1334.0,1.0,1134.0,1888,1950,2.0,Gilbert,6921.0,694.0,10.0,290.0,0,233100.0
6,334.0,2.0,24.0,1994,2010,1.0,Blmngtn,10556.0,334.0,5.0,568.0,0,304434.0
8,1189.0,1.0,1881.0,1982,1997,1.0,Edwards,14553.0,970.0,3.0,273.0,0,352097.0
10,1240.0,1.0,992.0,1902,1950,2.0,MeadowV,8580.0,648.0,6.0,237.0,0,420416.0
5,980.0,2.0,1311.0,1988,1996,1.0,ClearCr,33296.0,533.0,7.0,594.0,0,281842.0
9,1602.0,2.0,453.0,1881,1950,2.0,Somerst,6914.0,723.0,8.0,598.0,0,236448.0
10,1486.0,2.0,851.0,1911,1950,2.0,StoneBr,14783.0,1020.0,10.0,576.0,1,410934.0
9,334.0,1.0,763.0,1970,1988,1.0,NridgHt,13108.0,334.0,9.0,284.0,2,319320.0
5,1628.0,3.0,1701.0,1914,1950,1.0,NridgHt,6311.0,1263.0,7.0,1042.0,1,370669.0
4,1028.0,1.0,800.0,1973,1993,2.0,OldTown,7243.0,908.0,5.0,255.0,3,291861.0
10,1770.0,2.0,1389.0,1993,2010,2.0,ClearCr,14899.0,963.0,9.0,663.0,2,486183.0
3,842.0,1.0,772.0,1881,1950,1.0,BrDale,9628.0,625.0,6.0,251.0,0,203767.0
5,1531.0,2.0,859.0,1875,1950,2.0,Crawfor,10605.0,835.0,5.0,649.0,2,301119.0
1,1366.0,0.0,949.0,2002,2010,2.0,MeadowV,3952.0,626.0,6.0,0.0,3,240400.0
8,1674.0,2.0,1619.0,1944,1958,2.0,NWAmes,12432.0,1325.0,4.0,537.0,1,334257.0
7,1580.0,2.0,229.0,1942,1958,1.0,Timber,10339.0,1020.0,6.0,693.0,0,287079.0
1,1381.0,1.0,481.0,1936,1950,2.0,MeadowV,8674.0,1210.0,6.0,299.0,1,204713.0
3,708.0,3.0,204.0,1932,1950,2.0,Mitchel,10726.0,489.0,8.0,735.0,0,183149.0
6,739.0,1.0,581.0,1967,1995,1.0,NoRidge,7298.0,385.0,6.0,265.0,1,235733.0
6,1208.0,1.0,702.0,1952,1970,1.0,Edwards,6661.0,788.0,4.0,325.0,2,315605.0
9,1511.0,1.0,350.0,1894,1950,2.0,Crawfor,7935.0,818.0,4.0,317.0,0,279061.0
3,1196.0,1.0,735.0,1959,1985,2.0,Veenker,7100.0,1011.0,7.0,238.0,0,174965.0
10,1843.0,3.0,175.0,1964,1978,1.0,MeadowV,26643.0,1402.0,7.0,823.0,0,382087.0
5,1368.0,3.0,611.0,1887,1950,1.0,Sawyer,14128.0,826.0,6.0,864.0,1,314570.0
9,1008.0,1.0,1583.0,1924,1958,3.0,IDOTRR,5518.0,693.0,6.0,260.0,0,388954.0
3,1369.0,1.0,1234.0,1981,1983,2.0,NoRidge,24789.0,1028.0,7.0,374.0,0,230186.0
1,1634.0,1.0,1139.0,1958,1980,1.0,Blmngtn,7213.0,1311.0,9.0,289.0,1,276039.0
1,1686.0,3.0,618.0,1890,1950,1.0,BrDale,9088.0,820.0,5.0,833.0,0,270617.0
4,2501.0,3.0,384.0,1877,1950,3.0,BrDale,14027.0,1151.0,7.0,983.0,0,382149.0
10,1164.0,2.0,558.0,1952,1953,2.0,ClearCr,3344.0,584.0,8.0,531.0,0,408756.0
1,1476.0,1.0,1038.0,1936,1972,2.0,NWAmes,7954.0,927.0,5.0,320.0,0,183375.0
4,1739.0,1.0,1437.0,2005,2010,2.0,SawyerW,6723.0,1148.0,6.0,213.0,0,247675.0
2,1503.0,2.0,1452.0,1944,1957,2.0,BrkSide,9922.0,769.0,6.0,524.0,1,306888.0
10,1252.0,2.0,1333.0,2001,2010,1.0,Mitchel,10775.0,795.0,4.0,644.0,0,346327.0
7,702.0,0.0,734.0,1901,1950,2.0,Blmngtn,8616.0,455.0,7.0,0.0,1,314776.0
8,1247.0,2.0,1068.0,1934,1956,2.0,Veenker,8418.0,622.0,7.0,498.0,0,252836.0
8,951.0,3.0,916.0,1891,1950,2.0,NPkVill,15254.0,820.0,7.0,733.0,0,379036.0
7,609.0,2.0,969.0,1951,1973,2.0,NoRidge,10412.0,438.0,5.0,605.0,1,243695.0
8,1097.0,3.0,1949.0,1898,1950,1.0,Somerst,9143.0,685.0,7.0,765.0,3,280828.0
1,965.0,2.0,285.0,1940,1978,2.0,Edwards,9642.0,654.0,9.0,539.0,0,223810.0
9,1821.0,1.0,954.0,1919,1950,1.0,NridgHt,22425.0,1077.0,10.0,315.0,1,440928.0
8,1831.0,2.0,1588.0,1897,1950,0.0,StoneBr,9763.0,1528.0,9.0,516.0,0,365405.0
8,1040.0,2.0,415.0,1885,1950,2.0,SawyerW,6924.0,737.0,5.0,403.0,1,296754.0
4,1378.0,1.0,775.0,1943,1956,1.0,StoneBr,3448.0,927.0,7.0,228.0,2,253191.0
9,539.0,1.0,825.0,2003,2008,1.0,Veenker,4372.0,463.0,6.0,280.0,0,274446.0
4,1255.0,3.0,959.0,1899,1950,2.0,NWAmes,7090.0,1038.0,7.0,616.0,2,230796.0
1,1724.0,1.0,358.0,1928,1960,2.0,Blmngtn,8483.0,1406.0,5.0,268.0,1,253140.0
10,1948.0,3.0,1318.0,1903,1950,2.0,Crawfor,6783.0,1074.0,4.0,673.0,0,442789.0
3,1141.0,1.0,1349.0,1984,2010,3.0,BrDale,10674.0,592.0,6.0,346.0,1,311213.0
2,2067.0,2.0,1280.0,1929,1950,2.0,CollgCr,6740.0,1572.0,8.0,733.0,0,288329.0
7,719.0,2.0,676.0,2007,2010,2.0,NridgHt,5669.0,475.0,7.0,475.0,1,367397.0
3,860.0,1.0,1095.0,1906,1950,2.0,Blmngtn,12165.0,652.0,7.0,290.0,0,304031.0
9,1888.0,2.0,663.0,1883,1950,1.0,NPkVill,17760.0,1496.0,7.0,483.0,0,471822.0
5,2392.0,0.0,911.0,1952,1968,2.0,Timber,5148.0,1394.0,7.0,0.0,2,300528.0
1,1774.0,2.0,2000.0,1962,1990,0.0,NAmes,10116.0,1026.0,7.0,704.0,1,308158.0
10,1494.0,0.0,1099.0,2009,2010,1.0,CollgCr,3455.0,1002.0,6.0,0.0,0,361980.0
6,363.0,2.0,537.0,1993,2010,2.0,Mitchel,4284.0,334.0,7.0,537.0,0,240268.0
3,453.0,2.0,1136.0,1994,2010,1.0,NPkVill,6672.0,340.0,9.0,485.0,0,301874.0
7,1583.0,2.0,465.0,1960,1973,1.0,SawyerW,15795.0,1244.0,7.0,652.0,0,261347.0
6,1327.0,1.0,532.0,1922,1950,3.0,NPkVill,6067.0,879.0,7.0,149.0,3,409396.0
1,934.0,1.0,601.0,1931,1950,2.0,IDOTRR,5955.0,725.0,7.0,262.0,0,234787.0
8,1549.0,1.0,862.0,1890,1950,1.0,Edwards,9118.0,1053.0,6.0,278.0,0,359537.0
5,1575.0,2.0,1467.0,1931,1951,1.0,Timber,9123.0,1214.0,6.0,507.0,0,302788.0
7,2011.0,0.0,1310.0,1922,1955,1.0,SawyerW,6048.0,1109.0,7.0,0.0,1,312346.0
9,1587.0,2.0,1286.0,1876,1950,2.0,Gilbert,24176.0,1242.0,6.0,656.0,0,445951.0
7,2160.0,2.0,576.0,1900,1950,1.0,StoneBr,7843.0,1667.0,6.0,447.0,0,365749.0
7,1519.0,2.0,820.0,1946,1953,0.0,Gilbert,9479.0,866.0,5.0,727.0,1,405935.0
3,1454.0,2.0,1176.0,1923,1950,2.0,NPkVill,7325.0,1018.0,7.0,446.0,1,344931.0
3,2074.0,2.0,782.0,2010,2010,2.0,BrDale,11159.0,1732.0,7.0,663.0,0,365130.0
5,1001.0,1.0,935.0,1938,1951,2.0,MeadowV,16605.0,563.0,6.0,286.0,0,287521.0
9,2993.0,0.0,1250.0,2005,2005,2.0,CollgCr,20575.0,2338.0,3.0,0.0,2,457153.0
6,1712.0,2.0,904.0,1963,1965,1.0,Blueste,6117.0,1505.0,7.0,527.0,0,331581.0
4,1715.0,1.0,1156.0,1877,1950,3.0,Crawfor,15528.0,1440.0,7.0,279.0,0,319083.0
8,1791.0,1.0,1755.0,1900,1950,2.0,ClearCr,11788.0,1130.0,5.0,288.0,0,480159.0
9,2500.0,2.0,982.0,1970,1980,2.0,Somerst,14578.0,1808.0,8.0,486.0,0,330189.0
10,1931.0,3.0,1574.0,1947,1957,1.0,MeadowV,8553.0,1731.0,4.0,812.0,0,502138.0
3,672.0,2.0,1302.0,1913,1950,2.0,Sawyer,8156.0,474.0,8.0,498.0,2,234510.0
8,2252.0,2.0,414.0,1944,1981,1.0,SWISU,14298.0,1130.0,6.0,463.0,3,280824.0
6,1336.0,1.0,574.0,1997,2001,1.0,NridgHt,14434.0,629.0,3.0,247.0,0,293425.0
5,1571.0,2.0,692.0,1926,1956,1.0,Blmngtn,19592.0,1266.0,7.0,468.0,0,382580.0
4,843.0,2.0,683.0,1878,1950,1.0,SWISU,9890.0,540.0,6.0,526.0,1,185492.0
2,1791.0,3.0,1017.0,1915,1950,2.0,BrkSide,8489.0,1005.0,6.0,892.0,0,314444.0
3,1173.0,1.0,1326.0,2002,2010,1.0,BrkSide,2618.0,711.0,5.0,285.0,0,321037.0
6,1568.0,2.0,1607.0,1977,2009,2.0,NAmes,4001.0,1240.0,6.0,718.0,1,440857.0
9,1366.0,3.0,1192.0,1988,1989,2.0,Sawyer,7353.0,901.0,6.0,575.0,1,431674.0
9,2526.0,2.0,862.0,1998,2010,2.0,MeadowV,5164.0,2124.0,4.0,598.0,1,458029.0
2,2556.0,1.0,145.0,1888,1950,2.0,BrDale,13454.0,1996.0,9.0,280.0,1,326140.0
7,1539.0,4.0,1088.0,1911,1950,2.0,Blueste,4652.0,1367.0,6.0,1251.0,0,363156.0
1,1549.0,1.0,1068.0,1880,1950,2.0,OldTown,6970.0,1316.0,5.0,309.0,3,256015.0
7,1319.0,2.0,1137.0,1872,1950,2.0,NridgHt,7108.0,745.0,5.0,547.0,0,401597.0
4,2096.0,2.0,1980.0,1988,2003,3.0,MeadowV,16356.0,1565.0,8.0,574.0,0,360250.0
5,1342.0,2.0,1600.0,2002,2010,1.0,SawyerW,6607.0,616.0,4.0,500.0,3,317733.0
8,1294.0,2.0,1401.0,1893,1950,1.0,NridgHt,11228.0,1159.0,7.0,609.0,0,387009.0
5,2029.0,2.0,636.0,1972,2010,1.0,Sawyer,9876.0,1151.0,6.0,410.0,0,349848.0
9,1232.0,2.0,832.0,1946,1959,2.0,NPkVill,14068.0,923.0,6.0,622.0,0,432605.0
6,1495.0,1.0,1015.0,1881,1950,2.0,Veenker,13699.0,1244.0,5.0,279.0,1,304862.0
10,685.0,3.0,717.0,1999,2010,1.0,NAmes,8807.0,358.0,6.0,782.0,2,411427.0
7,1885.0,2.0,1276.0,1993,2006,0.0,Veenker,3835.0,1567.0,7.0,541.0,1,347976.0
3,2534.0,2.0,1213.0,1950,1953,1.0,IDOTRR,7975.0,1154.0,7.0,547.0,1,420514.0
8,1894.0,2.0,580.0,1970,1994,2.0,Veenker,8866.0,1229.0,5.0,664.0,0,317928.0
5,2282.0,2.0,1581.0,1927,1950,2.0,NoRidge,10332.0,1512.0,6.0,819.0,0,264984.0
6,1071.0,1.0,1102.0,1982,1991,2.0,SWISU,6193.0,662.0,8.0,329.0,0,253878.0
2,1639.0,1.0,300.0,1933,1950,1.0,Timber,15842.0,1170.0,4.0,257.0,3,214775.0
2,1020.0,2.0,1035.0,2009,2010,2.0,ClearCr,9016.0,879.0,6.0,610.0,1,296807.0
6,1395.0,1.0,1180.0,1880,1950,2.0,BrDale,5652.0,833.0,5.0,307.0,0,291899.0
2,1920.0,3.0,1483.0,1895,1950,2.0,Crawfor,7122.0,1364.0,5.0,729.0,3,314133.0
10,1568.0,1.0,909.0,2006,2010,2.0,OldTown,23489.0,1325.0,7.0,230.0,0,412106.0
9,773.0,1.0,1420.0,1912,1950,2.0,OldTown,12484.0,617.0,6.0,277.0,0,370275.0
8,825.0,1.0,1139.0,1915,1952,2.0,Mitchel,15127.0,386.0,5.0,312.0,0,249757.0
8,790.0,3.0,481.0,1981,1982,1.0,BrkSide,5320.0,691.0,9.0,647.0,1,350720.0
6,1773.0,1.0,437.0,1898,1950,2.0,Veenker,6346.0,835.0,8.0,251.0,0,257839.0
1,2599.0,2.0,1549.0,1943,1974,2.0,NAmes,6370.0,1858.0,3.0,606.0,0,264401.0
4,2230.0,2.0,1581.0,1911,1950,2.0,NPkVill,9820.0,1581.0,4.0,563.0,1,358028.0
5,520.0,2.0,1198.0,1899,1950,2.0,CollgCr,8209.0,418.0,7.0,673.0,0,240534.0
10,2261.0,1.0,1712.0,2006,2010,1.0,Crawfor,7011.0,1168.0,6.0,224.0,0,470628.0
3,2007.0,1.0,1520.0,1899,1950,1.0,Mitchel,7465.0,1065.0,9.0,374.0,1,232448.0
5,704.0,2.0,1356.0,1885,1950,1.0,IDOTRR,6021.0,555.0,7.0,437.0,0,290429.0
4,1356.0,1.0,658.0,1965,1967,2.0,CollgCr,8185.0,701.0,7.0,199.0,0,223721.0
2,2090.0,2.0,1815.0,1992,2010,2.0,MeadowV,15625.0,1382.0,5.0,555.0,2,350627.0
2,1804.0,2.0,1292.0,1889,1950,1.0,Edwards,4202.0,1406.0,7.0,469.0,1,274124.0
4,828.0,2.0,888.0,1970,2003,1.0,MeadowV,10649.0,615.0,4.0,557.0,0,237530.0
1,1836.0,2.0,764.0,1947,1966,0.0,Timber,17855.0,1000.0,9.0,554.0,0,220872.0
1,393.0,1.0,1169.0,1987,2010,0.0,NPkVill,8171.0,334.0,7.0,272.0,1,243222.0
4,1398.0,1.0,325.0,1889,1950,1.0,Blueste,6874.0,1239.0,5.0,246.0,0,237808.0
3,2112.0,2.0,1363.0,2007,2010,3.0,Veenker,14216.0,1377.0,8.0,595.0,1,308341.0
6,1525.0,1.0,639.0,1958,1962,3.0,BrkSide,5475.0,717.0,10.0,267.0,1,402876.0
1,1253.0,0.0,1219.0,1989,2010,1.0,Mitchel,8854.0,688.0,6.0,0.0,0,166499.0
4,1982.0,2.0,829.0,1922,1950,2.0,StoneBr,5325.0,1197.0,7.0,546.0,0,256141.0
5,2027.0,1.0,941.0,2003,2010,1.0,StoneBr,3516.0,1824.0,6.0,241.0,2,314018.0
10,2203.0,2.0,725.0,1959,1989,1.0,MeadowV,8300.0,1291.0,7.0,425.0,0,459079.0
7,1974.0,3.0,986.0,1889,1950,1.0,Crawfor,4761.0,912.0,4.0,819.0,1,348092.0
9,2083.0,2.0,1885.0,2000,2002,1.0,BrkSide,8903.0,1418.0,6.0,458.0,1,502553.0
4,1900.0,3.0,1664.0,1982,2010,1.0,OldTown,15639.0,926.0,7.0,678.0,1,420586.0
5,1654.0,2.0,1212.0,1913,1950,2.0,Somerst,22632.0,948.0,9.0,602.0,0,219845.0
5,1562.0,3.0,1046.0,1947,1950,2.0,BrDale,9384.0,1400.0,4.0,627.0,1,346874.0
9,1390.0,1.0,1427.0,1925,1962,1.0,Blueste,14907.0,1066.0,6.0,336.0,0,337651.0
10,879.0,2.0,1552.0,1947,1986,2.0,NoRidge,10932.0,416.0,9.0,573.0,1,316117.0
10,1013.0,2.0,694.0,2006,2010,1.0,NWAmes,7394.0,660.0,6.0,556.0,1,284249.0
8,1367.0,2.0,1023.0,1996,2010,1.0,CollgCr,3421.0,721.0,6.0,477.0,1,348910.0
6,1642.0,3.0,259.0,1901,1950,1.0,CollgCr,20196.0,830.0,5.0,932.0,1,252093.0
6,2271.0,1.0,1549.0,2007,2010,2.0,StoneBr,5300.0,1622.0,5.0,280.0,0,366919.0
10,1493.0,3.0,1961.0,1932,1950,1.0,StoneBr,17879.0,1012.0,4.0,758.0,2,363119.0
3,2042.0,3.0,1092.0,1969,1995,1.0,Sawyer,11712.0,1602.0,5.0,864.0,0,336488.0
4,2082.0,2.0,126.0,1978,1983,2.0,Somerst,5497.0,1773.0,5.0,425.0,1,262542.0
9,1393.0,2.0,1324.0,1939,1950,1.0,CollgCr,10467.0,781.0,7.0,429.0,1,332206.0
4,1827.0,3.0,661.0,1935,1961,2.0,SWISU,26016.0,1581.0,5.0,706.0,0,198081.0
3,1387.0,1.0,766.0,1935,1965,1.0,NoRidge,19299.0,947.0,6.0,294.0,2,187399.0
6,2209.0,1.0,1331.0,1991,2010,2.0,NWAmes,6930.0,1251.0,6.0,280.0,1,242117.0
4,1849.0,3.0,1168.0,1925,1956,2.0,ClearCr,6273.0,1536.0,6.0,966.0,0,316078.0
9,890.0,2.0,843.0,1910,1950,1.0,Veenker,9415.0,415.0,6.0,486.0,0,295307.0
10,1600.0,2.0,772.0,1922,1950,2.0,Crawfor,8244.0,1123.0,5.0,606.0,0,342135.0
4,2380.0,2.0,1112.0,1899,1950,2.0,NridgHt,16315.0,1844.0,7.0,551.0,1,378721.0
6,1420.0,0.0,878.0,1926,1960,2.0,NAmes,12962.0,818.0,8.0,0.0,0,318950.0
10,1750.0,2.0,571.0,1887,1950,2.0,MeadowV,3843.0,1467.0,7.0,591.0,0,373386.0
8,1802.0,1.0,911.0,1884,1950,1.0,Timber,11264.0,1006.0,6.0,277.0,2,324701.0
3,971.0,2.0,1206.0,1972,2002,2.0,NWAmes,8188.0,804.0,6.0,510.0,0,175541.0
6,1783.0,3.0,979.0,1882,1950,1.0,NAmes,9123.0,865.0,3.0,845.0,1,375489.0
7,783.0,2.0,438.0,1950,1989,2.0,BrDale,10142.0,409.0,6.0,550.0,1,291387.0
7,1187.0,2.0,1490.0,1980,1996,2.0,Blmngtn,16307.0,738.0,6.0,548.0,1,383682.0
1,2080.0,1.0,0.0,1972,2006,2.0,Crawfor,14602.0,1735.0,5.0,263.0,0,236216.0
3,1702.0,2.0,861.0,1934,1950,2.0,NridgHt,6156.0,877.0,5.0,456.0,0,310500.0
9,1355.0,2.0,785.0,1898,1950,2.0,NoRidge,8697.0,1144.0,6.0,566.0,0,299379.0
3,1749.0,3.0,1122.0,2001,2010,2.0,Veenker,7156.0,968.0,8.0,744.0,0,210112.0
3,1483.0,3.0,1303.0,1988,2006,2.0,Timber,3863.0,969.0,8.0,718.0,1,286312.0
4,1522.0,1.0,1551.0,1957,1967,2.0,NAmes,8479.0,926.0,5.0,270.0,0,266928.0
2,1860.0,1.0,745.0,1884,1950,2.0,Somerst,22525.0,936.0,6.0,309.0,0,173521.0
2,1133.0,1.0,1314.0,1876,1950,2.0,OldTown,3805.0,991.0,6.0,287.0,0,238115.0
4,1536.0,2.0,1143.0,1915,1950,1.0,Mitchel,8848.0,994.0,8.0,518.0,0,242613.0
9,1351.0,2.0,307.0,1893,1950,1.0,BrkSide,8707.0,1028.0,7.0,514.0,0,405917.0
1,683.0,2.0,1889.0,1991,1992,2.0,IDOTRR,10341.0,484.0,7.0,611.0,2,273113.0
3,1032.0,3.0,427.0,1900,1950,1.0,ClearCr,5534.0,697.0,7.0,552.0,1,235756.0
1,2338.0,1.0,1241.0,1911,1950,1.0,OldTown,4392.0,1701.0,6.0,312.0,0,277212.0
6,1717.0,1.0,1228.0,2007,2010,2.0,Blmngtn,4495.0,1467.0,9.0,205.0,2,412443.0
3,820.0,1.0,1178.0,1985,2010,2.0,NridgHt,17422.0,627.0,6.0,223.0,0,219374.0
8,706.0,1.0,840.0,1902,1950,1.0,IDOTRR,5479.0,487.0,5.0,259.0,0,293622.0
6,1456.0,1.0,1419.0,1925,1961,2.0,Gilbert,6976.0,1078.0,6.0,367.0,0,420633.0
8,2335.0,2.0,374.0,1943,1960,0.0,NWAmes,25650.0,1688.0,8.0,694.0,1,254776.0
7,1417.0,2.0,1028.0,1964,1994,1.0,BrDale,6204.0,914.0,6.0,617.0,2,355044.0
5,2201.0,1.0,810.0,2002,2010,3.0,CollgCr,10627.0,1609.0,8.0,294.0,2,316404.0
9,1700.0,2.0,760.0,1993,2010,1.0,Crawfor,15243.0,1104.0,5.0,411.0,0,462263.0
5,1762.0,2.0,1245.0,2007,2010,2.0,Timber,14881.0,1394.0,5.0,573.0,2,305471.0
10,814.0,3.0,1529.0,1877,1950,2.0,Timber,4602.0,721.0,8.0,774.0,3,330736.0
10,2007.0,2.0,907.0,1904,1950,1.0,SawyerW,6269.0,1770.0,5.0,495.0,0,338563.0
6,1339.0,2.0,1399.0,1950,1968,2.0,SawyerW,10417.0,1097.0,8.0,572.0,1,309386.0
7,1968.0,1.0,1079.0,1878,1950,2.0,NPkVill,23494.0,1419.0,7.0,261.0,0,423117.0
3,1088.0,2.0,666.0,1921,1950,3.0,NridgHt,6120.0,856.0,5.0,630.0,1,239824.0
9,1608.0,2.0,944.0,1893,1950,1.0,Crawfor,6997.0,852.0,6.0,405.0,1,401888.0
7,1700.0,1.0,926.0,2001,2002,1.0,SawyerW,11046.0,1131.0,6.0,283.0,1,330072.0
10,1434.0,2.0,752.0,1880,1950,1.0,MeadowV,12208.0,811.0,7.0,490.0,1,398954.0
3,1727.0,1.0,1245.0,1892,1950,1.0,BrDale,12583.0,780.0,10.0,264.0,0,278250.0
8,1375.0,2.0,1160.0,1899,1950,2.0,Veenker,5865.0,1217.0,6.0,584.0,2,314933.0
5,1174.0,1.0,360.0,1892,1950,2.0,OldTown,6864.0,985.0,7.0,235.0,0,278009.0
2,2358.0,2.0,334.0,1951,1973,1.0,OldTown,9974.0,1606.0,7.0,573.0,2,372100.0
2,2066.0,2.0,1243.0,1922,1950,1.0,SawyerW,16834.0,1166.0,7.0,543.0,1,265550.0
6,1116.0,3.0,700.0,1998,2010,1.0,BrkSide,7949.0,850.0,6.0,761.0,1,365699.0
4,1813.0,1.0,1189.0,1908,1950,1.0,CollgCr,8856.0,1171.0,5.0,261.0,0,247428.0
2,1125.0,1.0,1399.0,1946,1978,1.0,NPkVill,5362.0,913.0,7.0,274.0,1,260052.0
5,893.0,1.0,500.0,1963,2001,1.0,NPkVill,22734.0,804.0,6.0,249.0,1,304614.0
7,2058.0,1.0,439.0,1959,1969,1.0,Mitchel,9673.0,1249.0,5.0,280.0,0,322916.0
4,620.0,1.0,1790.0,1982,2008,1.0,MeadowV,15350.0,347.0,8.0,269.0,2,246562.0
10,2002.0,2.0,1211.0,1900,1950,2.0,Timber,9090.0,1142.0,7.0,511.0,1,390751.0
8,1382.0,2.0,873.0,1942,1950,2.0,StoneBr,9345.0,680.0,6.0,687.0,1,345154.0
6,1404.0,1.0,648.0,1983,2010,1.0,Veenker,4230.0,881.0,9.0,297.0,0,274737.0
10,1730.0,1.0,833.0,1991,2010,1.0,OldTown,3055.0,792.0,4.0,265.0,0,367279.0
5,1820.0,1.0,536.0,1957,1995,3.0,Gilbert,16747.0,913.0,9.0,286.0,2,352878.0
2,1081.0,3.0,1444.0,1962,1985,3.0,Mitchel,9312.0,619.0,5.0,717.0,0,199910.0
1,1892.0,1.0,717.0,1992,2010,1.0,NPkVill,9929.0,988.0,7.0,263.0,0,291070.0
10,1575.0,1.0,1536.0,1958,1964,1.0,Timber,4796.0,1228.0,6.0,267.0,0,334249.0
10,856.0,2.0,882.0,2003,2008,1.0,SawyerW,5701.0,426.0,5.0,460.0,1,315044.0
8,1426.0,2.0,600.0,1889,1950,2.0,NAmes,15232.0,1197.0,9.0,591.0,1,334027.0
2,2240.0,3.0,870.0,1920,1950,1.0,Timber,21377.0,1231.0,9.0,779.0,1,266617.0
3,2395.0,1.0,0.0,1887,1950,2.0,NridgHt,6564.0,1195.0,6.0,266.0,0,260974.0
1,1892.0,2.0,1004.0,1884,1950,3.0,NWAmes,12528.0,860.0,7.0,515.0,2,208635.0
1,890.0,3.0,982.0,1937,1950,2.0,Blueste,9848.0,687.0,7.0,1195.0,1,245116.0
3,1773.0,1.0,1418.0,1903,1950,2.0,IDOTRR,8432.0,1003.0,9.0,253.0,0,316671.0
6,1962.0,1.0,231.0,1928,1950,2.0,Edwards,22606.0,1333.0,3.0,197.0,0,316889.0
1,1896.0,2.0,1566.0,1932,1955,1.0,CollgCr,7140.0,948.0,7.0,432.0,1,198425.0
10,1927.0,2.0,1416.0,1958,1970,2.0,SawyerW,16653.0,1722.0,5.0,621.0,0,384018.0
5,1706.0,1.0,1605.0,2003,2010,1.0,CollgCr,10837.0,864.0,3.0,333.0,0,272128.0
3,1477.0,1.0,1034.0,1990,1996,2.0,Mitchel,8880.0,938.0,6.0,253.0,1,245933.0
6,1196.0,0.0,1501.0,1924,1961,1.0,Mitchel,17783.0,997.0,9.0,0.0,1,277095.0
8,519.0,2.0,413.0,1917,1954,1.0,Veenker,10353.0,334.0,5.0,619.0,0,242947.0
4,1693.0,2.0,1369.0,1979,1983,1.0,NWAmes,8534.0,965.0,8.0,545.0,0,264140.0
1,1613.0,2.0,719.0,1889,1950,1.0,NridgHt,17849.0,1313.0,8.0,539.0,0,229344.0
1,1808.0,1.0,334.0,1947,1969,1.0,NoRidge,16725.0,1036.0,6.0,287.0,0,167791.0
9,813.0,1.0,565.0,1930,1950,0.0,NoRidge,16334.0,367.0,7.0,315.0,1,266395.0
2,1854.0,1.0,1059.0,1897,1950,1.0,NAmes,1300.0,1191.0,4.0,296.0,1,265185.0
7,2594.0,1.0,696.0,1957,1967,1.0,OldTown,11160.0,1182.0,5.0,253.0,1,417038.0
4,1556.0,2.0,1222.0,1916,1950,2.0,Somerst,9957.0,1337.0,8.0,546.0,1,260755.0
8,1483.0,2.0,265.0,1897,1950,2.0,MeadowV,8801.0,1096.0,7.0,719.0,1,356573.0
1,1677.0,3.0,125.0,1962,1985,1.0,Gilbert,12148.0,1195.0,7.0,870.0,0,276133.0
9,2582.0,2.0,1658.0,1896,1950,1.0,Blueste,10201.0,1396.0,7.0,630.0,1,448423.0
7,978.0,3.0,1453.0,1965,1997,1.0,BrkSide,12568.0,748.0,10.0,905.0,0,444175.0
5,1622.0,1.0,597.0,1894,1950,2.0,Blmngtn,7832.0,1224.0,6.0,291.0,1,332109.0
3,1095.0,1.0,1056.0,1932,1950,1.0,NridgHt,18941.0,523.0,9.0,284.0,0,253083.0
10,1228.0,2.0,1504.0,1984,2004,1.0,Mitchel,13220.0,1039.0,7.0,632.0,0,371277.0
4,1489.0,1.0,1241.0,1903,1950,1.0,Edwards,11746.0,1058.0,9.0,309.0,0,309554.0
5,2222.0,2.0,1122.0,1978,1989,1.0,Veenker,11463.0,1792.0,5.0,581.0,1,326735.0
4,2461.0,1.0,1537.0,1972,1982,2.0,Timber,15973.0,1399.0,7.0,252.0,0,351121.0
3,1750.0,0.0,737.0,1997,1999,2.0,CollgCr,14926.0,884.0,6.0,0.0,0,254838.0
5,1317.0,3.0,1071.0,1895,1950,2.0,ClearCr,8464.0,1009.0,7.0,832.0,2,358181.0
2,2824.0,1.0,1049.0,1971,1986,2.0,NPkVill,14693.0,2280.0,8.0,268.0,1,376968.0
1,1291.0,1.0,938.0,2002,2006,3.0,SWISU,9770.0,805.0,7.0,387.0,0,197192.0
3,1215.0,2.0,886.0,1978,1993,2.0,BrDale,23353.0,560.0,8.0,437.0,2,258916.0
2,583.0,1.0,1089.0,1898,1950,1.0,NridgHt,15504.0,477.0,5.0,318.0,2,199121.0
5,2248.0,3.0,1072.0,1986,1996,1.0,Mitchel,6550.0,1220.0,5.0,736.0,1,281186.0
9,2023.0,1.0,598.0,1886,1950,2.0,Veenker,28720.0,1219.0,7.0,285.0,1,327165.0
2,2784.0,1.0,1408.0,1953,1963,2.0,NoRidge,3131.0,2040.0,6.0,383.0,0,252529.0
1,786.0,2.0,629.0,1941,1950,2.0,NoRidge,12316.0,389.0,6.0,483.0,0,150100.0
2,2281.0,2.0,961.0,1945,1955,1.0,MeadowV,6323.0,1100.0,5.0,502.0,1,300185.0
6,1552.0,2.0,928.0,1944,1956,2.0,NoRidge,22950.0,716.0,8.0,559.0,0,242096.0
3,1938.0,2.0,1214.0,1876,1950,2.0,Edwards,10162.0,1672.0,6.0,492.0,1,305987.0
5,650.0,2.0,129.0,1942,1965,2.0,Gilbert,6022.0,384.0,9.0,631.0,0,320227.0
1,2286.0,2.0,1447.0,2002,2010,1.0,MeadowV,7838.0,1708.0,7.0,517.0,0,271261.0
4,1928.0,2.0,760.0,1932,1960,2.0,NridgHt,6267.0,1726.0,8.0,612.0,1,315075.0
5,1495.0,2.0,1591.0,1910,1950,3.0,StoneBr,7686.0,1123.0,7.0,454.0,0,338204.0
5,1854.0,1.0,848.0,2010,2010,1.0,BrkSide,7598.0,1272.0,5.0,208.0,0,372099.0
6,1113.0,2.0,1036.0,1885,1950,2.0,NoRidge,6151.0,762.0,7.0,542.0,2,242627.0
8,1211.0,2.0,1895.0,1939,1950,0.0,Gilbert,10250.0,750.0,10.0,435.0,3,476724.0
5,1272.0,1.0,936.0,1943,1971,2.0,Sawyer,10890.0,916.0,7.0,341.0,0,286658.0
9,542.0,3.0,1600.0,1938,1950,1.0,SWISU,5442.0,478.0,8.0,656.0,1,238740.0
6,1967.0,1.0,1074.0,2000,2010,1.0,Somerst,3908.0,1583.0,8.0,238.0,0,246576.0
3,2141.0,3.0,1239.0,1930,1969,1.0,Sawyer,10462.0,1372.0,7.0,890.0,0,335140.0
3,1147.0,2.0,1088.0,2007,2010,1.0,Blueste,11684.0,688.0,7.0,513.0,0,319626.0
4,1698.0,2.0,1428.0,1881,1950,2.0,Edwards,12902.0,1439.0,7.0,439.0,1,270451.0
6,1376.0,1.0,757.0,1974,1986,1.0,Timber,11797.0,703.0,8.0,362.0,1,250230.0
3,1687.0,1.0,626.0,1954,1988,1.0,Edwards,19660.0,1404.0,4.0,240.0,0,235395.0
10,1186.0,2.0,777.0,1905,1950,1.0,SWISU,14743.0,670.0,7.0,544.0,0,289956.0
5,1051.0,2.0,1101.0,1903,1950,2.0,Edwards,34198.0,811.0,6.0,543.0,0,272834.0
9,2067.0,2.0,960.0,1972,2002,2.0,Timber,42206.0,1680.0,6.0,617.0,0,374483.0
7,1481.0,2.0,1368.0,1960,1996,1.0,Mitchel,3718.0,984.0,9.0,597.0,1,266606.0
